Date,Symbol,Series,Prev Close,Open,High,Low,Last,Close,VWAP,Volume,Turnover,Trades,Deliverable Volume,%Deliverble
2016-01-01,STRTECH,EQ,96.9,96.6,98.4,96.5,97.6,97.75,97.64,545578,5326830190000.0,3575,214434,0.39299999999999996
2016-01-04,STRTECH,EQ,97.75,97.4,99.5,95.05,96.0,95.65,97.32,738288,7185338525000.0,5123,311449,0.4219
2016-01-05,STRTECH,EQ,95.65,97.0,98.3,95.6,96.7,96.95,96.97,552556,5358291725000.0,3787,177264,0.3208
2016-01-06,STRTECH,EQ,96.95,97.0,97.9,95.0,95.2,95.35,96.48,372192,3590731040000.0,3275,148185,0.3981
2016-01-07,STRTECH,EQ,95.35,94.0,94.0,90.45,91.8,91.6,91.93,495590,4556158440000.0,4054,281787,0.5686
2016-01-08,STRTECH,EQ,91.6,92.2,94.25,92.2,93.0,93.1,93.17,406457,3786936400000.0,3342,195350,0.4806
2016-01-11,STRTECH,EQ,93.1,91.8,95.35,91.05,93.9,94.2,93.53,483535,4522300380000.0,5581,206723,0.4275
2016-01-12,STRTECH,EQ,94.2,94.55,94.7,92.1,93.05,92.95,93.41,349639,3266008665000.0,8260,173450,0.4961
2016-01-13,STRTECH,EQ,92.95,93.9,94.0,82.85,89.05,89.0,87.26,928964,8105860484999.999,6286,351397,0.37829999999999997
2016-01-14,STRTECH,EQ,89.0,87.0,90.0,84.0,87.0,87.25,88.18,553055,4876812590000.0,6349,176835,0.3197
2016-01-15,STRTECH,EQ,87.25,87.9,89.0,81.0,83.25,82.15,84.25,637634,5372268630000.0,4830,345943,0.5425
2016-01-18,STRTECH,EQ,82.15,81.9,82.95,75.1,76.25,76.45,77.52,741207,5745542975000.0,7395,375234,0.5062
2016-01-19,STRTECH,EQ,76.45,76.1,81.5,76.1,80.75,80.55,79.66,634347,5053058785000.0,4526,334314,0.527
2016-01-20,STRTECH,EQ,80.55,77.7,81.0,77.45,80.0,79.45,78.47,407166,3194880515000.0,3534,202899,0.4983
2016-01-21,STRTECH,EQ,79.45,81.0,82.0,78.4,79.5,79.3,79.82,478123,3816423225000.0,9476,245104,0.5126
2016-01-22,STRTECH,EQ,79.3,80.0,82.6,79.0,79.85,80.3,81.04,630281,5107906835000.0,4555,306243,0.48590000000000005
2016-01-25,STRTECH,EQ,80.3,81.9,83.9,81.9,83.25,83.05,82.79,389170,3222072550000.0,7221,159860,0.4108
2016-01-27,STRTECH,EQ,83.05,83.7,86.4,83.7,84.7,84.7,84.72,770941,6531560725000.0,8002,399038,0.5176
2016-01-28,STRTECH,EQ,84.7,84.6,87.75,82.65,83.4,83.25,85.31,1756316,14982441555000.002,12416,466909,0.2658
2016-01-29,STRTECH,EQ,83.25,84.2,87.5,83.25,86.95,87.15,86.27,1173949,10128091160000.0,10133,464423,0.3956
2016-02-01,STRTECH,EQ,87.15,87.75,87.95,83.5,84.25,84.4,85.77,624379,5355258615000.0,6558,385789,0.6179
2016-02-02,STRTECH,EQ,84.4,84.6,85.2,82.1,83.0,82.55,83.63,404930,3386508150000.0,2888,259244,0.6402
2016-02-03,STRTECH,EQ,82.55,80.5,81.2,78.35,79.45,78.95,79.34,466377,3700431970000.0005,3406,271137,0.5814
2016-02-04,STRTECH,EQ,78.95,80.0,81.0,78.35,79.2,78.9,79.34,342820,2720012240000.0,3282,174194,0.5081
2016-02-05,STRTECH,EQ,78.9,78.6,81.15,78.2,80.4,80.2,79.76,361224,2881070850000.0,3165,125809,0.3483
2016-02-08,STRTECH,EQ,80.2,79.9,81.8,79.5,80.05,80.25,80.72,275925,2227268730000.0,3219,102304,0.37079999999999996
2016-02-09,STRTECH,EQ,80.25,78.3,80.6,77.2,80.5,80.1,79.44,247388,1965285289999.9998,2460,128278,0.5185000000000001
2016-02-10,STRTECH,EQ,80.1,79.75,80.0,78.05,78.05,78.25,78.69,306876,2414900855000.0,2576,169503,0.5524
2016-02-11,STRTECH,EQ,78.25,78.25,78.55,75.1,75.6,75.85,76.91,444789,3420914990000.0,2437,295994,0.6655
2016-02-12,STRTECH,EQ,75.85,75.6,76.75,72.75,72.75,73.05,73.73,738817,5447564575000.0,3356,491879,0.6658
2016-02-15,STRTECH,EQ,73.05,74.2,77.1,74.2,76.15,76.1,76.38,344751,2633161975000.0,5281,170676,0.4951
2016-02-16,STRTECH,EQ,76.1,76.55,77.15,70.85,71.8,72.2,74.01,453223,3354374825000.0,9770,283359,0.6252000000000001
2016-02-17,STRTECH,EQ,72.2,72.5,72.85,69.5,70.55,70.3,70.34,445900,3136601585000.0,5364,193550,0.4341
2016-02-18,STRTECH,EQ,70.3,71.2,74.8,71.2,74.75,74.35,73.46,474488,3485817175000.0,5401,190367,0.4012
2016-02-19,STRTECH,EQ,74.35,73.5,76.9,73.4,76.5,76.6,75.87,390726,2964305155000.0,4709,154361,0.3951
2016-02-22,STRTECH,EQ,76.6,77.0,78.3,74.45,77.1,77.65,77.0,332672,2561700200000.0,3328,136837,0.41130000000000005
2016-02-23,STRTECH,EQ,77.65,76.65,77.95,75.65,76.85,76.4,77.05,433232,3338201060000.0,4619,261724,0.6041
2016-02-24,STRTECH,EQ,76.4,75.8,77.25,75.0,75.5,75.25,75.85,246589,1870256210000.0002,2206,108677,0.44070000000000004
2016-02-25,STRTECH,EQ,75.25,75.4,76.4,75.1,75.75,75.3,75.56,164010,1239341180000.0,1503,75767,0.462
2016-02-26,STRTECH,EQ,75.3,76.1,76.4,74.15,74.55,74.6,75.01,307704,2308183020000.0,1924,189684,0.6164000000000001
2016-02-29,STRTECH,EQ,74.6,74.6,74.9,71.7,73.7,73.45,73.52,295277,2170946805000.0,3824,112444,0.38079999999999997
2016-03-01,STRTECH,EQ,73.45,73.45,76.6,73.45,76.05,76.25,75.38,371095,2797359320000.0,2995,153113,0.41259999999999997
2016-03-02,STRTECH,EQ,76.25,77.05,79.6,77.05,79.35,79.05,78.72,305585,2405417450000.0,3042,122647,0.40140000000000003
2016-03-03,STRTECH,EQ,79.05,79.5,80.3,78.4,79.35,79.5,79.41,309691,2459123395000.0,2445,124154,0.40090000000000003
2016-03-04,STRTECH,EQ,79.5,79.75,81.6,78.5,80.25,80.15,80.34,304639,2447597450000.0,2642,127957,0.42
2016-03-08,STRTECH,EQ,80.15,80.5,83.75,80.2,81.75,81.35,81.84,443875,3632623085000.0,5536,182494,0.4111
2016-03-09,STRTECH,EQ,81.35,80.8,82.15,80.1,81.7,81.85,81.2,232814,1890453139999.9998,2055,84491,0.3629
2016-03-10,STRTECH,EQ,81.85,81.85,82.3,79.45,80.1,80.4,80.63,316449,2551546395000.0,2552,150802,0.4765
2016-03-11,STRTECH,EQ,80.4,80.5,82.4,80.1,81.35,81.05,81.22,235832,1915493520000.0,1910,111860,0.4743
2016-03-14,STRTECH,EQ,81.05,81.9,82.2,81.0,81.25,81.15,81.38,150283,1223063845000.0,1354,82014,0.5457
2016-03-15,STRTECH,EQ,81.15,81.65,81.95,80.2,80.55,80.55,81.05,174420,1413662175000.0,1658,80862,0.4636
2016-03-16,STRTECH,EQ,80.55,80.5,80.95,78.05,80.2,79.9,79.47,241684,1920569985000.0002,1815,109461,0.4529
2016-03-17,STRTECH,EQ,79.9,80.9,81.6,80.0,80.35,80.15,80.55,214983,1731733355000.0,1635,81772,0.3804
2016-03-18,STRTECH,EQ,80.15,80.4,81.6,79.8,80.2,80.45,80.66,291837,2353878835000.0,2277,156153,0.5351
2016-03-21,STRTECH,EQ,80.45,80.8,83.4,80.05,82.9,82.9,82.13,271472,2229733680000.0,3839,123541,0.4551
2016-03-22,STRTECH,EQ,82.9,83.35,89.9,83.2,89.8,89.65,87.98,1551209,13647999265000.0,14596,672105,0.4333
2016-03-23,STRTECH,EQ,89.65,90.2,90.2,87.0,88.25,88.25,88.33,526705,4652347205000.0,4324,159458,0.3027
2016-03-28,STRTECH,EQ,88.25,89.15,90.75,85.75,86.6,86.2,88.42,525690,4647963820000.0,7056,217567,0.4139
2016-03-29,STRTECH,EQ,86.2,86.0,93.2,85.4,91.5,91.3,90.26,1694986,15299442535000.0,15971,639671,0.3774
2016-03-30,STRTECH,EQ,91.3,91.3,93.7,89.05,92.9,92.5,92.39,1111315,10267302490000.0,9065,498421,0.4485
2016-03-31,STRTECH,EQ,92.5,93.0,93.0,90.1,90.35,90.45,91.32,300933,2748109095000.0,4815,142293,0.4728
2016-04-01,STRTECH,EQ,90.45,90.05,92.0,89.6,91.3,91.3,90.98,250196,2276203170000.0,2087,79751,0.3188
2016-04-04,STRTECH,EQ,91.3,92.0,92.05,89.7,91.7,91.25,90.91,292843,2662154860000.0,2646,135834,0.46380000000000005
2016-04-05,STRTECH,EQ,91.25,90.2,90.85,87.4,88.75,88.65,89.16,287346,2561864995000.0,2871,137640,0.479
2016-04-06,STRTECH,EQ,88.65,89.5,90.6,86.85,89.2,89.3,89.06,385618,3434177535000.0,2286,249536,0.6470999999999999
2016-04-07,STRTECH,EQ,89.3,89.05,89.9,87.6,88.65,88.1,88.41,184174,1628282025000.0,1800,75694,0.41100000000000003
2016-04-08,STRTECH,EQ,88.1,88.15,91.0,87.5,90.75,90.2,89.6,345160,3092766375000.0,3033,127882,0.3705
2016-04-11,STRTECH,EQ,90.2,88.85,94.45,88.85,93.2,93.4,92.73,754003,6991754584999.999,5286,273495,0.3627
2016-04-12,STRTECH,EQ,93.4,94.0,94.4,92.1,92.25,92.55,93.02,385481,3585656770000.0005,3922,171850,0.4458
2016-04-13,STRTECH,EQ,92.55,92.95,93.75,91.0,91.35,91.6,92.3,368171,3398313104999.9995,3028,202997,0.5514
2016-04-18,STRTECH,EQ,91.6,92.0,92.0,89.0,89.15,89.6,89.85,414355,3722989540000.0,6321,248174,0.5989
2016-04-20,STRTECH,EQ,89.6,90.25,90.5,88.5,88.8,88.6,89.18,449253,4006482610000.0,4310,252302,0.5616
2016-04-21,STRTECH,EQ,88.6,89.0,90.5,88.4,88.7,88.65,89.21,343308,3062607575000.0,2730,145353,0.42340000000000005
2016-04-22,STRTECH,EQ,88.65,88.65,92.7,88.1,91.85,91.95,90.58,1198209,10852833565000.0,5881,570085,0.4758
2016-04-25,STRTECH,EQ,91.95,91.65,93.6,90.25,90.75,91.05,91.75,563942,5174081405000.0,3588,185514,0.329
2016-04-26,STRTECH,EQ,91.05,90.8,92.6,90.55,91.8,91.95,91.55,397853,3642166910000.0,4258,155582,0.3911
2016-04-27,STRTECH,EQ,91.95,91.95,93.4,91.6,92.5,92.7,92.76,668121,6197539190000.0,4860,375540,0.5621
2016-04-28,STRTECH,EQ,92.7,93.0,94.8,89.2,89.5,89.7,92.46,776050,7175328890000.001,5113,293446,0.37810000000000005
2016-04-29,STRTECH,EQ,89.7,89.15,90.7,86.8,88.4,88.85,89.04,412898,3676313320000.0005,2700,175477,0.425
2016-05-02,STRTECH,EQ,88.85,88.1,89.45,87.65,88.2,88.25,88.58,273498,2422549755000.0,2084,131812,0.4819
2016-05-03,STRTECH,EQ,88.25,88.75,89.5,87.0,87.1,87.35,88.47,309166,2735096655000.0,2111,131227,0.42450000000000004
2016-05-04,STRTECH,EQ,87.35,87.3,87.45,85.35,85.7,85.65,86.15,212938,1834455000000.0,1907,99757,0.4685
2016-05-05,STRTECH,EQ,85.65,86.5,87.3,85.4,85.6,85.65,86.19,230425,1985983375000.0,2154,91160,0.3956
2016-05-06,STRTECH,EQ,85.65,85.35,88.2,84.0,87.75,86.5,86.06,374787,3225278000000.0,2990,134995,0.3602
2016-05-09,STRTECH,EQ,86.5,88.0,88.8,86.05,86.3,86.55,86.98,346371,3012793085000.0,2042,198944,0.5744
2016-05-10,STRTECH,EQ,86.55,86.9,87.85,86.05,87.25,87.15,86.91,198087,1721520520000.0,1484,86057,0.4344
2016-05-11,STRTECH,EQ,87.15,85.15,89.35,84.7,88.0,87.6,87.67,464046,4068117120000.0005,3556,118194,0.2547
2016-05-12,STRTECH,EQ,87.6,88.15,90.15,87.75,88.35,88.8,89.0,398459,3546332660000.0,3271,135018,0.33890000000000003
2016-05-13,STRTECH,EQ,88.8,88.0,89.0,86.5,87.0,87.15,87.5,206363,1805604525000.0,1643,90406,0.43810000000000004
2016-05-16,STRTECH,EQ,87.15,87.4,88.55,86.4,87.55,87.9,87.51,178993,1566384965000.0,1485,56690,0.31670000000000004
2016-05-17,STRTECH,EQ,87.9,87.6,88.5,87.0,87.5,87.45,87.63,305088,2673560050000.0,2183,129711,0.4252
2016-05-18,STRTECH,EQ,87.45,87.0,89.95,86.8,89.9,89.7,88.73,393064,3487625020000.0005,2809,152716,0.3885
2016-05-19,STRTECH,EQ,89.7,90.35,91.6,87.5,87.6,87.8,89.4,736376,6583341610000.0,5150,343145,0.466
2016-05-20,STRTECH,EQ,87.8,88.45,88.95,86.55,86.8,87.0,87.47,312230,2730950430000.0,1954,166506,0.5333
2016-05-23,STRTECH,EQ,87.0,87.8,91.2,87.1,89.2,88.85,89.4,885950,7920335590000.001,5745,439392,0.49600000000000005
2016-05-24,STRTECH,EQ,88.85,90.0,90.5,84.1,84.8,84.6,87.19,800099,6975888940000.001,6495,288321,0.3604
2016-05-25,STRTECH,EQ,84.6,85.6,86.9,85.1,86.45,86.4,85.96,356707,3066265595000.0,3035,126533,0.3547
2016-05-26,STRTECH,EQ,86.4,87.25,90.0,85.6,88.25,88.55,88.59,1651377,14629675675000.0,10363,338715,0.20510000000000003
2016-05-27,STRTECH,EQ,88.55,88.8,88.8,86.5,86.5,86.95,87.17,485900,4235422404999.9995,3319,235474,0.48460000000000003
2016-05-30,STRTECH,EQ,86.95,87.8,92.0,86.8,91.6,91.6,89.74,1781439,15986081525000.0,6963,1119750,0.6286
2016-05-31,STRTECH,EQ,91.6,92.0,93.0,89.2,92.4,92.5,91.05,1638539,14918188990000.0,7654,464806,0.2837
2016-06-01,STRTECH,EQ,92.5,92.2,94.45,91.6,94.45,93.6,93.2,978408,9119047270000.0,6232,442835,0.4526
2016-06-02,STRTECH,EQ,93.6,93.75,94.1,90.75,91.5,91.6,91.93,498020,4578439000000.0,3615,215141,0.43200000000000005
2016-06-03,STRTECH,EQ,91.6,91.8,92.2,89.85,90.25,90.35,90.77,544777,4945023200000.0,4409,307265,0.564
2016-06-06,STRTECH,EQ,90.35,90.0,90.6,88.7,90.2,90.15,89.79,413375,3711634750000.0,5278,238421,0.5768
2016-06-07,STRTECH,EQ,90.15,92.35,95.7,92.0,94.15,94.4,93.89,2027323,19035455255000.0,19697,1097086,0.5412
2016-06-08,STRTECH,EQ,94.4,94.0,97.75,93.2,95.6,96.1,96.1,1438916,13828365680000.002,9760,711962,0.49479999999999996
2016-06-09,STRTECH,EQ,96.1,96.6,98.2,94.55,97.1,97.15,96.35,1228137,11833217335000.0,7627,430871,0.3508
2016-06-10,STRTECH,EQ,97.15,96.0,97.75,95.25,96.15,96.5,96.52,966105,9324496025000.0,6914,470088,0.4866
2016-06-13,STRTECH,EQ,96.5,96.5,97.25,92.95,93.45,94.25,94.85,1033897,9806004280000.0,5834,516191,0.4993
2016-06-14,STRTECH,EQ,94.25,94.5,94.75,91.0,92.6,91.85,92.23,1512393,13949244685000.0,9551,996686,0.659
2016-06-29,STRTECH,EQ,85.55,89.8,92.0,87.0,87.25,87.7,89.51,2281148,20419071710000.0,12817,1020641,0.4474
2016-06-30,STRTECH,EQ,87.7,88.0,89.7,87.7,88.5,88.25,88.56,491566,4353174950000.0,3257,232170,0.4723
2016-07-01,STRTECH,EQ,88.25,88.4,90.85,87.0,87.35,87.6,88.55,295032,2612498905000.0,2174,161327,0.5468000000000001
2016-07-04,STRTECH,EQ,87.6,87.85,89.5,86.95,87.65,87.5,88.4,505252,4466628685000.0,6181,324641,0.6425
2016-07-05,STRTECH,EQ,87.5,87.5,87.85,86.2,87.0,86.9,86.8,184725,1603425315000.0,1596,86754,0.4696
2016-07-07,STRTECH,EQ,86.9,87.0,87.25,85.2,85.3,85.45,85.8,290545,2493014850000.0,4083,171102,0.5889
2016-07-08,STRTECH,EQ,85.45,85.0,87.5,84.1,86.5,86.5,85.72,432893,3710611840000.0,2544,221275,0.5112
2016-07-11,STRTECH,EQ,86.5,87.0,88.6,86.0,86.35,86.2,87.1,317215,2762946635000.0,2386,190967,0.6020000000000001
2016-07-12,STRTECH,EQ,86.2,86.7,90.2,85.8,88.35,88.7,88.48,664886,5882608285000.0,3951,388763,0.5847
2016-07-13,STRTECH,EQ,88.7,89.0,91.2,88.0,89.7,89.8,89.62,678185,6078133395000.0,5714,348564,0.514
2016-07-14,STRTECH,EQ,89.8,90.15,92.5,88.55,90.7,90.85,91.01,761030,6926247409999.999,5176,385388,0.5064
2016-07-15,STRTECH,EQ,90.85,91.0,94.8,89.5,93.55,93.6,92.98,1371609,12753303650000.0,8978,684102,0.4988
2016-07-18,STRTECH,EQ,93.6,94.25,94.25,90.15,90.15,90.8,92.2,365959,3374293679999.9995,2669,222299,0.6074
2016-07-19,STRTECH,EQ,90.8,91.0,91.0,88.75,89.2,89.25,89.71,229351,2057581970000.0,1913,116691,0.5088
2016-07-20,STRTECH,EQ,89.25,89.35,91.3,88.0,90.75,90.85,90.21,314699,2838813410000.0,2535,155202,0.4932
2016-07-21,STRTECH,EQ,90.85,90.65,92.0,88.6,88.6,88.95,89.97,234902,2113489385000.0002,1985,128905,0.5488000000000001
2016-07-22,STRTECH,EQ,88.95,89.1,90.35,88.7,89.3,89.3,89.5,269196,2409433965000.0,2889,140300,0.5212
2016-07-25,STRTECH,EQ,89.3,89.4,93.0,87.3,87.8,88.6,89.83,2496307,22423470815000.0,14566,509889,0.2043
2016-07-26,STRTECH,EQ,88.6,90.1,90.5,88.25,89.95,89.05,89.22,913901,8153514350000.0,4242,610651,0.6681999999999999
2016-07-27,STRTECH,EQ,89.05,90.15,92.6,89.55,90.7,90.5,91.07,646555,5888042765000.0,5894,280610,0.434
2016-07-28,STRTECH,EQ,90.5,90.95,91.0,88.65,89.0,89.0,89.69,314565,2821259215000.0,2229,197309,0.6272
2016-07-29,STRTECH,EQ,89.0,89.4,89.95,88.0,89.0,88.75,88.84,205309,1823996289999.9998,2048,115391,0.562
2016-08-01,STRTECH,EQ,88.75,88.75,90.3,86.6,89.85,89.8,88.91,648847,5768817095000.0,5917,380053,0.5857
2016-08-02,STRTECH,EQ,89.8,89.6,90.25,87.7,89.6,89.0,89.16,560506,4997358760000.0,5134,260303,0.4644
2016-08-03,STRTECH,EQ,89.0,88.95,89.5,86.8,86.9,87.2,87.89,343956,3023117760000.0,3019,235568,0.6849
2016-08-04,STRTECH,EQ,87.2,87.8,88.65,86.0,86.0,86.15,86.9,143467,1246770230000.0,1970,78091,0.5443
2016-08-05,STRTECH,EQ,86.15,86.45,90.95,86.4,90.1,90.55,89.53,674485,6038989890000.0,5252,390355,0.5787
2016-08-08,STRTECH,EQ,90.55,91.0,91.25,88.5,88.65,88.85,89.84,265337,2383670805000.0,3312,122130,0.46030000000000004
2016-08-09,STRTECH,EQ,88.85,89.0,89.4,87.75,88.25,88.15,88.52,231561,2049727160000.0002,3067,140165,0.6053000000000001
2016-08-10,STRTECH,EQ,88.15,88.4,88.85,86.7,87.4,87.4,87.61,211320,1851394235000.0002,2699,117412,0.5556
2016-08-11,STRTECH,EQ,87.4,87.6,88.4,76.9,87.35,87.05,87.01,238827,2078003025000.0,2724,141799,0.5937
2016-08-12,STRTECH,EQ,87.05,87.85,88.6,86.1,87.3,86.95,87.35,140240,1225060825000.0,2132,83531,0.5956
2016-08-16,STRTECH,EQ,86.95,87.6,88.6,86.0,86.8,86.75,87.51,201246,1761058860000.0002,2171,119715,0.5949
2016-08-17,STRTECH,EQ,86.75,87.5,88.4,86.65,88.4,88.1,87.83,145572,1278549385000.0,1816,88987,0.6113000000000001
2016-08-18,STRTECH,EQ,88.1,88.9,89.55,88.0,88.0,88.2,88.64,172281,1527098560000.0,2689,75899,0.44060000000000005
2016-08-19,STRTECH,EQ,88.2,88.5,89.8,88.0,88.85,88.8,89.21,285029,2542604520000.0,2968,143090,0.502
2016-08-22,STRTECH,EQ,88.8,88.8,91.55,87.4,89.05,90.1,89.33,530457,4738837215000.0,3132,191944,0.3618
2016-08-23,STRTECH,EQ,90.1,89.95,89.95,86.5,86.8,87.15,88.06,242985,2139795900000.0,2256,159453,0.6562
2016-08-24,STRTECH,EQ,87.15,87.25,87.9,86.4,87.3,87.45,87.3,243708,2127620464999.9998,1922,108728,0.4461
2016-08-25,STRTECH,EQ,87.45,86.85,88.9,86.65,87.6,87.35,87.81,204129,1792358580000.0,1897,86832,0.4254
2016-08-26,STRTECH,EQ,87.35,87.6,88.2,85.1,85.25,85.35,86.25,220932,1905643925000.0,1800,123662,0.5597
2016-08-29,STRTECH,EQ,85.35,85.65,85.9,84.05,84.2,84.35,84.76,177743,1506480015000.0,2066,105841,0.5955
2016-08-30,STRTECH,EQ,84.35,84.05,85.25,84.05,84.15,84.4,84.78,185140,1569573585000.0,2049,104131,0.5624
2016-08-31,STRTECH,EQ,84.4,84.75,85.75,84.4,84.4,84.6,85.07,170598,1451354975000.0,2290,80937,0.4744
2016-09-01,STRTECH,EQ,84.6,84.6,89.1,84.0,86.35,86.0,86.96,979073,8513960340000.001,8145,293487,0.2998
2016-09-02,STRTECH,EQ,86.0,87.0,88.5,85.05,85.35,85.25,86.76,367860,3191594345000.0,4329,175119,0.47600000000000003
2016-09-06,STRTECH,EQ,85.25,85.45,86.7,85.45,85.75,85.65,85.94,171270,1471865200000.0,1451,98026,0.5723
2016-09-07,STRTECH,EQ,85.65,85.9,87.7,85.2,86.55,86.95,86.5,253048,2188820675000.0,3060,117786,0.46549999999999997
2016-09-08,STRTECH,EQ,86.95,86.55,87.75,86.05,86.2,86.6,86.72,200012,1734570625000.0,1858,94035,0.47009999999999996
2016-09-09,STRTECH,EQ,86.6,86.9,88.0,86.05,86.1,86.25,86.97,282910,2460577860000.0,1742,159713,0.5645
2016-09-12,STRTECH,EQ,86.25,85.0,88.4,84.05,84.6,84.45,86.11,529309,4557849595000.0,5223,244756,0.46240000000000003
2016-09-14,STRTECH,EQ,84.45,84.5,86.4,84.4,86.15,86.0,85.55,297728,2546938215000.0,1792,123512,0.4148
2016-09-15,STRTECH,EQ,86.0,89.25,89.3,87.6,88.6,88.45,88.33,1049267,9268388035000.0,7427,553346,0.5274
2016-09-16,STRTECH,EQ,88.45,88.9,90.6,87.15,88.75,88.95,89.22,1217052,10858245965000.0,7761,461940,0.3796
2016-09-19,STRTECH,EQ,88.95,89.4,89.4,87.0,87.15,87.3,87.62,281521,2466628360000.0,1959,192845,0.685
2016-09-20,STRTECH,EQ,87.3,87.4,87.65,85.95,86.2,86.15,86.34,157791,1362346465000.0,1180,87117,0.5521
2016-09-21,STRTECH,EQ,86.15,86.4,87.1,85.05,85.45,85.5,85.89,292838,2515130660000.0,1795,168780,0.5764
2016-09-22,STRTECH,EQ,85.5,86.3,86.9,85.1,85.2,85.35,85.78,181007,1552663070000.0,1414,113731,0.6283
2016-09-23,STRTECH,EQ,85.35,85.6,85.8,84.75,85.1,84.95,85.19,158837,1353158570000.0,1063,104660,0.6589
2016-09-26,STRTECH,EQ,84.95,84.95,86.5,83.1,84.0,83.95,84.74,284578,2411512080000.0,3617,150023,0.5272
2016-09-27,STRTECH,EQ,83.95,84.35,85.4,80.5,81.95,81.75,83.12,287308,2388198265000.0,3337,185816,0.6467
2016-09-28,STRTECH,EQ,81.75,81.95,83.0,81.0,81.15,81.1,81.56,398300,3248533020000.0,3507,300297,0.7539
2016-09-29,STRTECH,EQ,81.1,81.65,83.2,73.85,74.0,74.75,78.41,651772,5110825935000.0,6805,398871,0.612
2016-09-30,STRTECH,EQ,74.75,74.95,80.7,73.9,79.0,79.7,78.37,767484,6014600705000.0,11050,386384,0.5034000000000001
2016-10-03,STRTECH,EQ,79.7,80.55,85.75,79.65,84.5,84.75,83.69,987004,8260225615000.001,9222,416717,0.4222
2016-10-04,STRTECH,EQ,84.75,84.75,85.3,83.1,83.85,84.05,84.09,213578,1796074125000.0,1963,107714,0.5043
2016-10-05,STRTECH,EQ,84.05,84.3,86.85,84.2,86.25,86.35,85.68,570068,4884286230000.0,4114,296980,0.521
2016-10-06,STRTECH,EQ,86.35,87.75,90.7,87.75,90.5,89.85,89.12,1211769,10799840450000.0,8867,698355,0.5763
2016-10-07,STRTECH,EQ,89.85,90.7,91.95,88.1,88.3,88.8,90.34,812552,7340409570000.0,6355,333000,0.4098
2016-10-10,STRTECH,EQ,88.8,89.0,91.25,88.25,89.2,89.15,90.02,549779,4949102625000.0,4755,240006,0.4365
2016-10-13,STRTECH,EQ,89.15,89.0,91.9,86.7,87.7,87.95,89.61,1000212,8962562845000.0,10557,502395,0.5023
2016-10-14,STRTECH,EQ,87.95,88.4,99.6,88.4,97.45,97.35,95.85,4126778,39553333055000.0,31901,1460548,0.3539
2016-10-17,STRTECH,EQ,97.35,97.9,101.8,95.1,99.7,99.6,99.03,2920768,28922977805000.0,21004,818965,0.2804
2016-10-18,STRTECH,EQ,99.6,99.9,104.2,99.15,103.15,103.45,101.95,2355585,24015779390000.0,15116,858458,0.3644
2016-10-19,STRTECH,EQ,103.45,103.45,105.9,102.5,103.0,103.5,104.03,1354193,14088167980000.002,10261,611541,0.4516
2016-10-20,STRTECH,EQ,103.5,103.0,108.4,102.55,106.95,107.3,105.93,1940172,20551293595000.0,15983,689697,0.3555
2016-10-21,STRTECH,EQ,107.3,106.85,111.0,105.6,109.4,109.85,109.42,2598013,28428653920000.0,19747,1041061,0.4007
2016-10-24,STRTECH,EQ,109.85,110.0,113.05,109.9,110.9,110.85,111.28,1525899,16980048660000.0,21993,722249,0.4733
2016-10-25,STRTECH,EQ,110.85,110.95,110.95,106.15,107.65,107.1,107.49,914364,9828635980000.0,7524,515142,0.5634
2016-10-26,STRTECH,EQ,107.1,106.25,112.5,105.4,107.5,107.0,108.38,1576947,17091674285000.0,13131,709270,0.4498
2016-10-27,STRTECH,EQ,107.0,106.8,109.8,103.0,103.15,105.5,106.39,1503220,15992659830000.002,16893,611300,0.4067
2016-10-28,STRTECH,EQ,105.5,106.0,107.55,102.3,102.65,102.65,104.6,1487317,15557861665000.0,23622,786593,0.5289
2016-10-30,STRTECH,EQ,102.65,103.4,106.25,102.9,105.9,105.3,104.79,317655,3328627895000.0,2454,201115,0.6331
2016-11-01,STRTECH,EQ,105.3,106.0,106.55,102.15,102.5,102.75,103.7,888267,9211491040000.0,12715,551264,0.6206
2016-11-02,STRTECH,EQ,102.75,101.95,101.95,97.35,97.7,97.8,98.87,1026457,10148559470000.0,10501,688410,0.6707
2016-11-03,STRTECH,EQ,97.8,97.8,99.35,95.0,95.2,95.45,97.26,593281,5770373385000.0,8920,336677,0.5675
2016-11-04,STRTECH,EQ,95.45,95.5,96.2,90.25,91.6,91.7,92.64,771018,7142511175000.0,7539,425452,0.5518
2016-11-07,STRTECH,EQ,91.7,94.4,98.95,93.55,98.3,98.2,97.12,780248,7577758645000.0,8473,397046,0.5089
2016-11-08,STRTECH,EQ,98.2,98.95,103.15,98.95,101.45,101.25,101.18,849623,8596460165000.001,8555,396321,0.46649999999999997
2016-11-09,STRTECH,EQ,101.25,90.0,102.3,87.0,99.85,99.95,96.0,1284593,12332575800000.0,8543,646462,0.5032
2016-11-10,STRTECH,EQ,99.95,101.0,103.75,98.1,99.1,99.35,100.06,805020,8054870309999.999,10778,447991,0.5565
2016-11-11,STRTECH,EQ,99.35,98.6,99.0,92.35,93.9,93.45,95.34,580340,5532873555000.0,5253,302239,0.5208
2016-11-15,STRTECH,EQ,93.45,93.5,95.85,89.1,93.55,93.75,93.13,1197125,11148621130000.0,30105,796554,0.6654000000000001
2016-11-16,STRTECH,EQ,93.75,95.0,95.05,92.05,93.65,93.3,93.63,594592,5567251185000.0,12316,344191,0.5789
2016-11-17,STRTECH,EQ,93.3,93.1,94.3,92.7,93.5,93.7,93.61,316574,2963344825000.0,12273,187742,0.593
2016-11-18,STRTECH,EQ,93.7,93.5,96.0,93.5,94.05,94.2,94.58,349167,3302591165000.0,3193,175979,0.504
2016-11-21,STRTECH,EQ,94.2,94.8,94.8,92.05,92.5,92.5,93.59,1121725,10498564170000.0,8259,913331,0.8142
2016-11-22,STRTECH,EQ,92.5,93.2,93.55,91.3,91.85,91.9,92.02,554628,5103847660000.0,6006,380143,0.6854000000000001
2016-11-23,STRTECH,EQ,91.9,92.5,95.0,91.5,94.0,94.5,93.84,662128,6213540950000.0,5285,422707,0.6384000000000001
2016-11-24,STRTECH,EQ,94.5,94.15,95.5,93.2,94.2,94.05,93.98,395835,3720073795000.0005,3484,239036,0.6039
2016-11-25,STRTECH,EQ,94.05,95.0,97.7,95.0,95.5,96.0,96.7,385440,3727013800000.0,5259,147456,0.3826
2016-11-28,STRTECH,EQ,96.0,95.65,96.5,94.1,94.5,94.6,95.24,316494,3014417425000.0,3617,167652,0.5297
2016-11-29,STRTECH,EQ,94.6,95.6,96.7,94.8,95.3,95.2,95.61,606275,5796617980000.0,7779,323513,0.5336
2016-11-30,STRTECH,EQ,95.2,95.9,96.55,94.45,95.75,95.95,95.96,312659,3000275830000.0,3038,234909,0.7513
2016-12-01,STRTECH,EQ,95.95,96.4,96.5,94.5,94.6,94.75,95.25,174928,1666179395000.0,2523,82052,0.46909999999999996
2016-12-02,STRTECH,EQ,94.75,94.4,96.85,93.75,94.05,94.0,95.29,575052,5479919375000.0,7075,327071,0.5688000000000001
2016-12-05,STRTECH,EQ,94.0,94.1,94.55,93.6,94.0,94.15,94.13,237828,2238692470000.0,4805,121797,0.5121
2016-12-06,STRTECH,EQ,94.15,94.05,95.5,92.5,94.05,94.0,94.52,203923,1927421330000.0,3295,78815,0.3865
2016-12-07,STRTECH,EQ,94.0,94.4,94.75,93.85,94.0,94.15,94.28,199348,1879425155000.0,5219,97208,0.4876
2016-12-08,STRTECH,EQ,94.15,94.6,95.05,93.7,93.75,94.0,94.1,1163212,10945836220000.0,4257,991750,0.8526
2016-12-09,STRTECH,EQ,94.0,94.9,101.8,94.15,98.25,98.15,99.37,1956091,19436742200000.0,16443,849899,0.43450000000000005
2016-12-12,STRTECH,EQ,98.15,98.5,102.4,96.1,98.8,98.3,99.74,886233,8839086800000.0,9919,266597,0.3008
2016-12-13,STRTECH,EQ,98.3,98.3,99.35,96.0,96.8,97.4,98.24,457662,4496289430000.0,6146,191089,0.4175
2016-12-14,STRTECH,EQ,97.4,97.05,99.15,95.5,96.1,96.15,96.57,833000,8043949050000.0,3004,649610,0.7798
2016-12-15,STRTECH,EQ,96.15,95.15,98.0,95.0,96.4,96.2,96.38,493772,4759079075000.0,2226,366099,0.7414000000000001
2016-12-16,STRTECH,EQ,96.2,96.05,97.1,95.5,95.7,95.7,96.02,392184,3765592135000.0,2550,294986,0.7522
2016-12-19,STRTECH,EQ,95.7,98.5,99.65,97.0,97.3,97.6,97.77,797452,7797019934999.999,5360,579357,0.7265
2016-12-20,STRTECH,EQ,97.6,97.7,97.85,96.0,96.15,96.25,96.46,342317,3302103090000.0,2378,212587,0.621
2016-12-21,STRTECH,EQ,96.25,96.55,97.85,96.0,96.8,96.8,96.86,290427,2813004210000.0,4797,148398,0.511
2016-12-22,STRTECH,EQ,96.8,97.0,97.95,95.1,95.1,95.3,95.87,477352,4576605615000.0,6081,343778,0.7202
2016-12-23,STRTECH,EQ,95.3,95.0,96.5,94.55,95.1,95.45,95.41,216169,2062434525000.0,2447,114787,0.531
2016-12-26,STRTECH,EQ,95.45,95.0,96.9,94.6,95.5,95.45,95.66,332997,3185374385000.0,3932,195561,0.5872999999999999
2016-12-27,STRTECH,EQ,95.45,95.3,96.6,94.8,96.1,96.2,95.85,238613,2287202910000.0,2795,147186,0.6168
2016-12-28,STRTECH,EQ,96.2,96.5,96.6,94.2,95.25,94.9,95.48,213373,2037186185000.0002,2791,124840,0.5851
2016-12-29,STRTECH,EQ,94.9,95.2,97.0,94.6,95.25,95.1,95.48,244849,2337709845000.0,2812,142415,0.5816
2016-12-30,STRTECH,EQ,95.1,95.95,97.5,95.9,96.1,96.25,96.64,279958,2705639955000.0,2431,135711,0.48479999999999995
2017-01-02,STRTECH,EQ,96.25,95.5,97.2,95.4,96.4,96.15,96.2,245114,2357919335000.0,2364,125562,0.5123
2017-01-03,STRTECH,EQ,96.15,96.4,100.15,96.4,98.15,98.05,98.64,569078,5613262250000.0,4245,251530,0.44200000000000006
2017-01-04,STRTECH,EQ,98.05,98.5,100.0,97.7,98.3,98.15,98.66,438434,4325572850000.0,4629,176520,0.4026
2017-01-05,STRTECH,EQ,98.15,98.5,104.5,97.7,104.4,103.6,102.22,1970093,20137391330000.0,14501,659972,0.335
2017-01-06,STRTECH,EQ,103.6,104.5,105.9,102.85,103.75,103.9,104.35,1077364,11242312385000.0,6802,405153,0.3761
2017-01-09,STRTECH,EQ,103.9,103.9,104.4,102.1,102.4,102.4,103.14,304775,3143336470000.0,2539,152041,0.4989
2017-01-10,STRTECH,EQ,102.4,103.0,106.55,103.0,103.55,104.05,104.3,775015,8083670090000.001,13141,393788,0.5081
2017-01-11,STRTECH,EQ,104.05,104.7,105.7,103.2,103.2,103.55,104.17,800766,8341820884999.999,5580,494997,0.6182
2017-01-12,STRTECH,EQ,103.55,104.1,104.95,102.55,102.9,103.3,103.19,1446810,14930339285000.0,3388,1194609,0.8257
2017-01-13,STRTECH,EQ,103.3,103.6,103.9,102.5,102.85,103.2,103.11,306340,3158794365000.0,2278,120783,0.3943
2017-01-16,STRTECH,EQ,103.2,103.6,107.7,102.8,106.7,107.0,106.11,1230168,13053167455000.0,7643,549066,0.44630000000000003
2017-01-17,STRTECH,EQ,107.0,107.0,108.95,106.5,107.0,106.95,107.57,899804,9678972440000.0,5257,378489,0.42060000000000003
2017-01-18,STRTECH,EQ,106.95,108.2,115.25,108.05,109.4,108.95,111.57,7627617,85100952695000.0,52855,2288966,0.30010000000000003
2017-01-19,STRTECH,EQ,108.95,109.45,113.35,109.45,110.6,110.8,111.45,2264158,25233964700000.0,21219,991581,0.4379
2017-01-20,STRTECH,EQ,110.8,110.8,112.4,107.3,107.6,107.85,110.12,1478400,16280135235000.0,16461,721268,0.4879
2017-01-23,STRTECH,EQ,107.85,107.65,111.8,107.65,111.7,111.35,110.39,1095484,12092680330000.0,8108,405156,0.36979999999999996
2017-01-24,STRTECH,EQ,111.35,111.6,117.4,111.05,117.0,115.5,114.27,2765304,31599537375000.0,21551,1346599,0.48700000000000004
2017-01-25,STRTECH,EQ,115.5,116.9,124.55,116.9,121.65,121.8,121.48,4954722,60191315850000.0,26359,2361872,0.4767
2017-01-27,STRTECH,EQ,121.8,122.45,123.4,119.35,120.75,120.35,120.95,1422471,17204853130000.002,9696,684747,0.4814
2017-01-30,STRTECH,EQ,120.35,119.5,126.2,119.15,125.7,125.25,123.56,1934964,23908499880000.0,13478,890733,0.46030000000000004
2017-01-31,STRTECH,EQ,125.25,125.9,127.6,122.25,124.6,124.8,125.05,1737992,21733605385000.0,13961,751499,0.4324
2017-02-01,STRTECH,EQ,124.8,125.1,132.3,121.0,129.7,130.1,129.02,3936468,50788885525000.0,25890,1471842,0.3739
2017-02-02,STRTECH,EQ,130.1,129.65,129.9,124.6,129.2,129.15,127.71,1943086,24814772550000.0,16616,914108,0.4704
2017-02-03,STRTECH,EQ,129.15,129.55,132.9,129.55,132.25,131.7,130.99,1931487,25300231265000.0,18337,1003729,0.5197
2017-02-06,STRTECH,EQ,131.7,132.25,135.0,132.0,134.3,134.25,133.4,1835705,24487832555000.0,32716,998840,0.5441
2017-02-07,STRTECH,EQ,134.25,133.75,136.8,133.2,136.15,135.85,135.46,1322106,17908647150000.0,13169,618415,0.46770000000000006
2017-02-08,STRTECH,EQ,135.85,135.25,135.95,131.7,133.1,133.25,133.58,701339,9368509450000.0,6960,353269,0.5037
2017-02-09,STRTECH,EQ,133.25,133.4,134.0,129.3,130.05,130.4,131.05,612259,8023850425000.0,5631,309541,0.5056
2017-02-10,STRTECH,EQ,130.4,130.7,130.95,127.45,127.95,127.85,128.45,600240,7709992884999.999,9217,360986,0.6014
2017-02-13,STRTECH,EQ,127.85,128.4,130.3,127.15,129.6,129.7,128.82,647423,8340313965000.001,6864,318879,0.4925
2017-02-14,STRTECH,EQ,129.7,129.7,133.0,128.2,130.0,130.05,130.52,691506,9025642345000.0,7609,264156,0.38200000000000006
2017-02-15,STRTECH,EQ,130.05,130.1,130.2,124.35,125.0,125.65,127.18,444454,5652764160000.0,3409,258560,0.5817
2017-02-16,STRTECH,EQ,125.65,125.85,134.0,122.25,129.2,128.95,126.27,1012507,12784995625000.0,8106,459046,0.4534
2017-02-17,STRTECH,EQ,128.95,129.8,131.45,128.0,128.05,128.6,129.23,391381,5057825440000.0,4941,170121,0.4347
2017-02-20,STRTECH,EQ,128.6,127.5,131.75,126.9,131.25,131.15,129.58,461632,5981791420000.0,4610,194175,0.42060000000000003
2017-02-21,STRTECH,EQ,131.15,131.6,135.0,131.0,133.8,134.05,133.73,1038032,13881906130000.002,7271,553512,0.5332
2017-02-22,STRTECH,EQ,134.05,134.7,134.7,131.5,131.8,132.0,132.74,649031,8615345059999.999,7075,306582,0.47240000000000004
2017-02-23,STRTECH,EQ,132.0,132.0,132.45,130.1,130.8,131.05,131.19,273971,3594235395000.0005,2428,137977,0.5036
2017-02-27,STRTECH,EQ,131.05,131.4,132.2,127.25,127.95,128.45,130.03,341894,4445689465000.0,5566,217301,0.6356
2017-02-28,STRTECH,EQ,128.45,128.0,132.4,128.0,129.45,129.6,129.96,630940,8199953580000.0,9420,373483,0.5919
2017-03-01,STRTECH,EQ,129.6,130.2,130.8,127.0,127.5,127.9,128.98,486498,6275071550000.0,6483,308588,0.6343
2017-03-02,STRTECH,EQ,127.9,127.8,130.0,126.35,127.0,126.95,128.26,439267,5633920365000.0,5935,268332,0.6109
2017-03-03,STRTECH,EQ,126.95,127.0,128.5,125.65,126.45,126.1,126.77,363035,4602280480000.0,4154,215373,0.5933
2017-03-06,STRTECH,EQ,126.1,126.65,128.7,124.75,125.1,125.0,126.19,382432,4826006555000.0,4226,219247,0.5733
2017-03-07,STRTECH,EQ,125.0,125.65,127.95,125.0,125.05,125.2,126.21,350682,4426036445000.0,5418,177795,0.507
2017-03-08,STRTECH,EQ,125.2,125.45,126.6,123.5,124.1,124.2,124.64,228475,2847680580000.0,2721,127651,0.5587
2017-03-09,STRTECH,EQ,124.2,124.7,125.2,122.55,122.85,123.25,123.82,291864,3613748495000.0005,3164,187681,0.643
2017-03-10,STRTECH,EQ,123.25,123.5,125.95,122.25,122.6,123.5,124.37,378562,4708227950000.0,5440,241174,0.6371
2017-03-14,STRTECH,EQ,123.5,125.9,126.45,122.75,123.35,123.05,124.37,461179,5735498710000.0,2967,355560,0.7709999999999999
2017-03-15,STRTECH,EQ,123.05,123.9,124.8,122.8,123.65,123.45,123.79,211954,2623798500000.0,2764,122619,0.5785
2017-03-16,STRTECH,EQ,123.45,125.1,126.5,123.95,124.3,124.5,125.14,559096,6996508175000.0,3673,359790,0.6435
2017-03-17,STRTECH,EQ,124.5,124.9,127.5,123.6,125.0,124.7,125.63,553700,6956372205000.0,4994,285857,0.5163
2017-03-20,STRTECH,EQ,124.7,125.0,125.3,121.7,122.05,122.45,122.88,285103,3503465650000.0,2525,178768,0.627
2017-03-21,STRTECH,EQ,122.45,122.5,123.3,120.5,122.0,121.25,121.7,417939,5086522315000.0,6240,309153,0.7397
2017-03-22,STRTECH,EQ,121.25,120.9,122.95,120.45,121.5,121.45,121.61,277001,3368495525000.0,4326,148263,0.5352
2017-03-23,STRTECH,EQ,121.45,121.9,127.0,121.0,126.0,125.95,124.49,1034543,12878875110000.0,6256,488533,0.4722
2017-03-24,STRTECH,EQ,125.95,126.0,132.5,125.35,128.0,127.9,129.5,2105563,27266469375000.0,11723,1070091,0.5082
2017-03-27,STRTECH,EQ,127.9,128.0,129.0,125.05,125.5,125.5,126.54,474967,6010140335000.0,4343,318985,0.6716
2017-03-28,STRTECH,EQ,125.5,126.4,127.85,125.6,125.7,125.95,126.26,525708,6637731465000.0,3504,388389,0.7388
2017-03-29,STRTECH,EQ,125.95,126.9,126.95,124.0,124.4,124.8,124.79,489641,6110430020000.0,3649,301680,0.6161
2017-03-30,STRTECH,EQ,124.8,125.75,128.95,124.8,126.6,126.3,127.2,459831,5849059635000.0,3482,244246,0.5312
2017-03-31,STRTECH,EQ,126.3,127.25,128.2,125.25,126.0,125.9,126.36,414844,5242141605000.0,3219,229680,0.5537
2017-04-03,STRTECH,EQ,125.9,126.85,133.4,126.4,131.85,132.3,130.47,1522814,19867477380000.0,12453,862465,0.5664
2017-04-05,STRTECH,EQ,132.3,132.45,134.7,131.4,131.7,132.05,133.11,1142514,15207763280000.002,12170,791868,0.6931
2017-04-06,STRTECH,EQ,132.05,131.6,133.7,129.0,133.15,132.9,131.66,902708,11885343375000.0,11430,440682,0.4882
2017-04-07,STRTECH,EQ,132.9,131.15,134.0,130.4,130.6,131.15,132.74,711004,9437918545000.0,7800,483869,0.6805
2017-04-10,STRTECH,EQ,131.15,131.7,132.75,129.45,131.85,131.8,131.38,409657,5382100880000.0,5015,260737,0.6365
2017-04-11,STRTECH,EQ,131.8,131.25,137.9,130.7,137.0,136.9,135.32,1380567,18682346240000.0,10248,676049,0.4897
2017-04-12,STRTECH,EQ,136.9,137.8,141.9,135.0,139.5,139.95,139.68,2870073,40089432490000.0,21265,1179176,0.41090000000000004
2017-04-13,STRTECH,EQ,139.95,140.35,149.75,138.0,149.0,148.85,145.99,3575250,52193912835000.0,28019,1306915,0.3655
2017-04-17,STRTECH,EQ,148.85,149.4,156.0,149.05,150.8,150.35,152.46,1890925,28828555610000.004,19413,884225,0.4676
2017-04-18,STRTECH,EQ,150.35,148.7,150.4,139.15,142.4,140.45,144.46,1324804,19138327435000.0,18496,857201,0.647
2017-04-19,STRTECH,EQ,140.45,141.75,145.3,136.65,144.3,144.2,141.08,1398032,19723856165000.0,13827,567586,0.406
2017-04-20,STRTECH,EQ,144.2,144.85,147.8,142.0,147.7,147.05,146.08,593525,8670290655000.0,5642,235043,0.396
2017-04-21,STRTECH,EQ,147.05,147.25,147.5,142.3,145.55,145.65,145.19,433676,6296405475000.0,4141,221145,0.5099
2017-04-24,STRTECH,EQ,145.65,145.7,153.55,144.45,152.9,152.7,150.05,1371765,20583390395000.0,9330,633435,0.4618
2017-04-25,STRTECH,EQ,152.7,153.85,156.45,150.2,152.8,152.6,153.65,942337,14479210044999.998,9128,370463,0.3931
2017-04-26,STRTECH,EQ,152.6,154.2,155.9,148.1,150.0,150.75,153.64,2383325,36617388650000.0,14095,1343001,0.5635
2017-04-27,STRTECH,EQ,150.75,154.8,155.3,144.25,145.0,144.9,148.95,1448323,21573144505000.0,12790,728525,0.503
2017-04-28,STRTECH,EQ,144.9,146.25,150.4,144.6,146.3,146.95,147.99,1066710,15785872319999.998,12733,577729,0.5416
2017-05-02,STRTECH,EQ,146.95,148.75,154.95,148.4,154.85,154.5,152.57,1689015,25768491095000.0,18925,810613,0.47990000000000005
2017-05-03,STRTECH,EQ,154.5,155.0,161.9,154.85,159.6,159.65,158.89,2048681,32552298135000.004,18656,1244399,0.6074
2017-05-04,STRTECH,EQ,159.65,160.5,160.75,156.1,157.45,157.5,158.2,1037502,16412888844999.998,15357,728024,0.7017
2017-05-05,STRTECH,EQ,157.5,158.65,158.65,152.2,154.55,154.2,154.2,609387,9396763425000.0,13348,292457,0.47990000000000005
2017-05-08,STRTECH,EQ,154.2,155.35,157.5,152.5,157.35,156.1,154.46,606257,9364097100000.0,9847,437524,0.7217
2017-05-09,STRTECH,EQ,156.1,156.9,159.7,155.55,156.7,157.1,157.41,693926,10922938755000.0,7485,437617,0.6306
2017-05-10,STRTECH,EQ,157.1,157.85,157.85,153.0,154.0,154.2,154.72,424362,6565933920000.0,6249,240238,0.5661
2017-05-11,STRTECH,EQ,154.2,155.0,156.5,153.0,153.4,153.65,154.68,352224,5448122665000.0,6550,211933,0.6017
2017-05-12,STRTECH,EQ,153.65,153.8,156.35,151.4,155.1,154.6,153.26,408313,6257795020000.0,8933,250205,0.6128
2017-05-15,STRTECH,EQ,154.6,155.0,161.15,154.2,159.45,159.7,158.63,1056548,16759560235000.0,15293,578527,0.5476
2017-05-16,STRTECH,EQ,159.7,160.1,163.5,160.0,162.35,162.55,162.15,1069699,17345641085000.0,16599,630626,0.5895
2017-05-17,STRTECH,EQ,162.55,163.4,170.6,163.0,168.75,168.65,168.13,2342173,39378393520000.0,20374,1321318,0.5640999999999999
2017-05-18,STRTECH,EQ,168.65,165.05,167.15,160.0,161.0,160.6,162.68,752993,12249394435000.0,7898,384644,0.5108
2017-05-19,STRTECH,EQ,160.6,162.2,164.5,158.5,160.5,160.25,161.21,410143,6612075660000.0,8865,208897,0.5093
2017-05-22,STRTECH,EQ,160.25,161.35,163.65,158.2,160.7,160.65,160.9,497293,8001351080000.0,8255,274854,0.5527000000000001
2017-05-23,STRTECH,EQ,160.65,160.7,161.75,151.7,158.5,158.2,155.92,440799,6872887134999.999,5884,182313,0.4136
2017-05-24,STRTECH,EQ,158.2,155.3,161.55,151.05,153.3,152.65,157.02,688588,10811894125000.0,18474,361393,0.5247999999999999
2017-05-25,STRTECH,EQ,152.65,153.2,159.45,153.2,158.0,158.05,157.19,484727,7619571690000.001,6647,301666,0.6223
2017-05-26,STRTECH,EQ,158.05,159.7,160.8,156.0,160.05,160.05,159.32,461924,7359278759999.999,7379,254425,0.5508
2017-05-29,STRTECH,EQ,160.05,160.05,161.35,155.35,156.4,156.4,157.42,339650,5346619290000.0,8366,195995,0.5770000000000001
2017-05-30,STRTECH,EQ,156.4,155.95,159.5,154.5,157.0,157.25,156.54,430709,6742342405000.0,10547,278807,0.6473000000000001
2017-05-31,STRTECH,EQ,157.25,156.95,158.6,154.1,155.0,155.05,156.4,245371,3837625145000.0005,7431,146844,0.5985
2017-06-01,STRTECH,EQ,155.05,152.8,158.25,152.8,154.85,154.6,156.01,343310,5356036010000.0,5831,133189,0.38799999999999996
2017-06-02,STRTECH,EQ,154.6,155.8,157.2,153.4,155.5,155.15,154.9,201355,3119087725000.0,3200,82209,0.4083
2017-06-05,STRTECH,EQ,155.15,156.0,157.9,153.9,154.3,154.3,155.28,238793,3707888520000.0005,3591,92166,0.386
2017-06-06,STRTECH,EQ,154.3,154.85,157.5,151.8,152.95,153.55,154.54,214403,3313302030000.0,4478,78406,0.3657
2017-06-07,STRTECH,EQ,153.55,153.1,155.4,153.1,153.65,154.65,154.36,220437,3402663279999.9995,4074,93749,0.4253
2017-06-08,STRTECH,EQ,154.65,154.6,155.65,153.3,153.7,153.7,154.33,177225,2735198685000.0,4084,86449,0.4878
2017-06-09,STRTECH,EQ,153.7,153.0,160.25,153.0,154.55,155.85,156.79,696653,10923078190000.0,8128,340479,0.48869999999999997
2017-06-12,STRTECH,EQ,155.85,154.95,155.9,153.05,155.0,154.6,154.57,280210,4331174600000.0,4478,146541,0.523
2017-06-13,STRTECH,EQ,154.6,154.65,156.4,153.25,154.25,154.8,154.83,463254,7172509630000.0,6020,244819,0.5285
2017-06-14,STRTECH,EQ,154.8,155.0,157.2,152.7,153.2,154.05,154.61,470208,7269908820000.0,7880,217750,0.4631
2017-06-15,STRTECH,EQ,154.05,154.0,155.5,153.05,153.75,153.95,153.95,206621,3180961900000.0,3550,94425,0.457
2017-06-16,STRTECH,EQ,153.95,154.0,155.85,152.35,152.55,153.05,153.76,270038,4152073820000.0005,2859,134890,0.49950000000000006
2017-06-19,STRTECH,EQ,153.05,153.95,154.35,149.4,149.7,150.05,151.39,241960,3662992100000.0,2594,151234,0.625
2017-06-20,STRTECH,EQ,150.05,150.1,155.0,150.1,154.7,154.45,153.07,321294,4918016165000.0,4023,165401,0.5147999999999999
2017-06-21,STRTECH,EQ,154.45,155.15,155.9,150.85,151.6,151.55,152.69,278160,4247251250000.0,3865,170342,0.6124
2017-06-22,STRTECH,EQ,151.55,152.6,154.25,150.5,150.9,150.95,151.97,271757,4129795885000.0,4897,153404,0.5645
2017-06-23,STRTECH,EQ,150.95,151.55,151.55,145.0,146.4,146.5,147.06,375063,5515542675000.0,4759,208788,0.5567000000000001
2017-06-27,STRTECH,EQ,146.5,150.8,153.7,148.15,149.2,149.4,150.02,622182,9333713600000.0,7766,169687,0.2727
2017-06-28,STRTECH,EQ,149.4,148.4,149.45,144.0,145.85,145.85,146.71,362533,5318809805000.0,3883,192757,0.5317000000000001
2017-06-29,STRTECH,EQ,145.85,146.45,149.8,146.4,148.7,148.75,148.4,530294,7869336425000.0,11756,370784,0.6992
2017-06-30,STRTECH,EQ,148.75,148.45,148.45,146.0,146.7,146.65,146.93,416833,6124672395000.0,12055,321373,0.7709999999999999
2017-07-03,STRTECH,EQ,146.65,146.7,149.9,146.3,149.0,148.55,148.23,190082,2817509585000.0,4189,109534,0.5761999999999999
2017-07-04,STRTECH,EQ,148.55,149.6,149.6,146.15,146.85,146.8,147.87,213783,3161165220000.0,7406,141021,0.6596
2017-07-05,STRTECH,EQ,146.8,147.25,166.0,146.1,156.7,158.05,158.26,1757541,27815644375000.0,21081,686776,0.3908
2017-07-06,STRTECH,EQ,158.05,156.8,159.8,155.0,155.55,155.65,156.8,755745,11849844590000.0,10768,326258,0.43170000000000003
2017-07-07,STRTECH,EQ,155.65,155.4,162.5,155.0,159.35,158.95,159.28,1351728,21530567265000.0,15571,384516,0.2845
2017-07-10,STRTECH,EQ,158.95,154.85,180.0,154.85,160.0,159.75,159.66,129867,2073483105000.0,1281,79188,0.6098
2017-07-11,STRTECH,EQ,159.75,160.75,162.5,159.6,161.15,161.35,161.28,849267,13697095735000.0,13199,548929,0.6464
2017-07-12,STRTECH,EQ,161.35,161.95,162.5,158.05,160.5,161.25,160.49,374407,6009016135000.0,4686,190048,0.5075999999999999
2017-07-13,STRTECH,EQ,161.25,161.8,162.3,160.05,160.65,160.85,160.8,257373,4138631085000.0,3361,123203,0.47869999999999996
2017-07-14,STRTECH,EQ,160.85,163.0,164.3,159.4,160.35,160.05,161.57,546835,8835152755000.0,6602,228502,0.4179
2017-07-17,STRTECH,EQ,160.05,161.35,162.5,159.0,159.2,159.35,160.43,272900,4378077160000.0,5734,156960,0.5752
2017-07-18,STRTECH,EQ,159.35,159.8,160.6,157.75,158.5,158.15,158.71,296799,4710389175000.0,6294,162963,0.5491
2017-07-19,STRTECH,EQ,158.15,159.45,174.9,159.3,172.25,172.7,169.37,7538091,127670370209999.98,53508,1561767,0.2072
2017-07-20,STRTECH,EQ,172.7,175.0,207.2,174.6,207.2,207.2,198.32,19305486,382870315910000.0,123313,4007693,0.2076
2017-07-21,STRTECH,EQ,207.2,210.0,247.9,201.6,222.4,222.8,228.19,26828417,612193644525000.0,213931,4783474,0.1783
2017-07-24,STRTECH,EQ,222.8,227.8,241.0,225.65,233.45,231.6,232.34,8396938,195096649230000.0,77303,1389018,0.1654
2017-07-25,STRTECH,EQ,231.6,234.45,235.8,214.7,215.8,215.9,222.04,4072226,90417766400000.0,47456,1134278,0.2785
2017-07-26,STRTECH,EQ,215.9,216.4,223.5,211.1,213.25,213.6,217.64,3367472,73291153660000.0,37767,635033,0.1886
2017-07-27,STRTECH,EQ,213.6,214.9,217.3,206.5,208.15,207.55,211.74,2110336,44685033200000.0,24301,613963,0.2909
2017-07-28,STRTECH,EQ,207.55,207.6,220.3,204.0,215.0,215.1,213.53,4777878,102022772815000.0,51703,984493,0.2061
2017-07-31,STRTECH,EQ,215.1,216.4,218.7,210.1,211.3,211.6,214.25,1563838,33504640750000.0,17542,485553,0.3105
2017-08-01,STRTECH,EQ,211.6,213.0,216.0,210.5,211.45,211.5,212.74,1120886,23845900130000.0,16967,318584,0.2842
2017-08-02,STRTECH,EQ,211.5,212.9,221.9,211.6,221.55,220.7,217.86,2272320,49503782785000.0,27873,857630,0.3774
2017-08-03,STRTECH,EQ,220.7,221.4,226.35,217.55,225.9,225.2,223.46,2158867,48242951750000.0,21903,666277,0.3086
2017-08-04,STRTECH,EQ,225.2,226.05,227.5,218.75,220.8,219.85,222.42,865896,19259416225000.0,9911,257494,0.2974
2017-08-07,STRTECH,EQ,219.85,221.0,241.8,217.4,241.8,238.0,232.32,2662689,61860646900000.0,33017,969589,0.3641
2017-08-08,STRTECH,EQ,238.0,242.9,249.9,228.0,240.0,241.1,239.25,4330147,103600021995000.0,50876,1120894,0.2589
2017-08-09,STRTECH,EQ,241.1,237.8,239.4,227.1,229.4,230.65,234.4,1384213,32446000625000.0,19105,457887,0.3308
2017-08-10,STRTECH,EQ,230.65,227.0,229.9,208.1,217.0,212.85,219.64,1282703,28173016695000.0,17275,458305,0.35729999999999995
2017-08-11,STRTECH,EQ,212.85,208.8,221.0,193.3,218.0,218.6,206.94,3402630,70414193035000.0,35658,991938,0.2915
2017-08-14,STRTECH,EQ,218.6,222.0,226.7,218.2,219.0,219.85,222.51,632178,14066686169999.998,13078,253916,0.4017
2017-08-16,STRTECH,EQ,219.85,221.8,230.5,220.0,226.5,226.7,226.43,1018588,23063945975000.0,14197,369138,0.3624
2017-08-17,STRTECH,EQ,226.7,226.5,232.9,226.0,227.05,227.9,229.11,737493,16896569340000.0,9645,197696,0.2681
2017-08-18,STRTECH,EQ,227.9,225.0,226.8,220.0,223.05,223.55,223.35,651930,14560869540000.0,9833,203302,0.3118
2017-08-21,STRTECH,EQ,223.55,224.25,226.15,212.1,216.75,215.5,220.37,787748,17359945680000.002,12377,340054,0.43170000000000003
2017-08-22,STRTECH,EQ,215.5,218.25,220.05,210.0,213.5,213.7,214.96,764845,16440799250000.0,12257,359483,0.47000000000000003
2017-08-23,STRTECH,EQ,213.7,215.05,223.0,214.05,215.5,215.75,217.67,1024285,22296080725000.0,17711,370166,0.3614
2017-08-24,STRTECH,EQ,215.75,217.05,221.0,216.1,217.05,217.1,218.15,513260,11196843915000.0,7716,158367,0.3086
2017-08-28,STRTECH,EQ,217.1,218.0,225.15,217.25,223.5,223.25,222.3,955667,21244038015000.0,11362,308231,0.3225
2017-08-29,STRTECH,EQ,223.25,223.5,223.5,215.1,216.45,216.3,218.28,623732,13614957430000.002,11754,314817,0.5047
2017-08-30,STRTECH,EQ,216.3,218.8,221.25,218.25,219.0,219.5,219.67,452885,9948580760000.0,6696,165609,0.3657
2017-08-31,STRTECH,EQ,219.5,221.0,223.0,217.25,221.0,220.8,220.94,548958,12128429895000.0,6840,212667,0.3874
2017-09-01,STRTECH,EQ,220.8,222.75,238.0,221.15,231.6,232.05,231.85,2390034,55413901854999.99,28688,653160,0.2733
2017-09-04,STRTECH,EQ,232.05,232.0,239.7,226.5,231.4,231.55,233.59,1937603,45260075850000.0,20170,597352,0.30829999999999996
2017-09-05,STRTECH,EQ,231.55,233.35,238.95,227.0,235.25,235.45,234.91,982160,23072217940000.0,11231,244061,0.24850000000000003
2017-09-06,STRTECH,EQ,235.45,232.2,237.9,229.8,236.0,235.6,235.34,886302,20858183735000.0,11214,282520,0.3188
2017-09-07,STRTECH,EQ,235.6,236.75,243.9,232.05,233.05,233.2,237.52,1235632,29349085620000.0,13278,432300,0.34990000000000004
2017-09-08,STRTECH,EQ,233.2,233.0,237.9,224.5,231.0,231.0,233.16,760952,17742661005000.0,8321,312601,0.4108
2017-09-11,STRTECH,EQ,231.0,233.5,234.9,225.5,225.95,226.25,227.8,935166,21302688575000.0,16960,521848,0.5579999999999999
2017-09-12,STRTECH,EQ,226.25,227.9,233.0,222.3,228.7,228.8,228.4,1422096,32481062055000.0,21469,584949,0.41130000000000005
2017-09-13,STRTECH,EQ,228.8,230.15,231.4,225.0,226.3,225.75,227.98,552144,12588007425000.0,11654,259813,0.4706
2017-09-14,STRTECH,EQ,225.75,226.95,230.7,225.5,227.5,227.95,228.18,639530,14592594455000.002,10105,335471,0.5246000000000001
2017-09-15,STRTECH,EQ,227.95,226.8,227.35,215.0,218.5,217.8,218.72,1825982,39938316925000.0,18160,1180473,0.6465000000000001
2017-09-18,STRTECH,EQ,217.8,220.7,227.25,220.4,223.0,222.7,223.73,832986,18636024020000.0,10593,383193,0.46
2017-09-19,STRTECH,EQ,222.7,224.0,244.95,221.2,235.4,235.55,237.36,5344813,126865737705000.0,44212,953573,0.1784
2017-09-20,STRTECH,EQ,235.55,236.95,240.3,231.8,233.6,233.6,235.73,1585901,37383773805000.0,21609,556749,0.3511
2017-09-21,STRTECH,EQ,233.6,235.0,235.95,224.7,234.0,232.7,231.65,932206,21594911895000.0,13346,387512,0.4157
2017-09-22,STRTECH,EQ,232.7,231.7,231.7,223.8,224.0,225.4,226.36,1064614,24098101010000.0,20028,667837,0.6273
2017-09-25,STRTECH,EQ,225.4,225.0,225.0,212.65,221.65,221.75,219.04,697698,15282494510000.0,9842,248049,0.3555
2017-09-26,STRTECH,EQ,221.75,223.0,230.0,220.0,230.0,227.95,226.96,781171,17729298705000.0,14385,325644,0.4169
2017-09-27,STRTECH,EQ,227.95,230.4,236.65,225.05,225.3,226.5,231.08,1233742,28509202755000.0,20846,478673,0.38799999999999996
2017-09-28,STRTECH,EQ,226.5,227.4,229.65,221.1,224.0,224.05,224.25,993865,22287537385000.0,29604,544356,0.5477000000000001
2017-09-29,STRTECH,EQ,224.05,226.0,229.45,222.0,223.5,223.65,225.9,914094,20649031215000.0,19482,471358,0.5157
2017-10-03,STRTECH,EQ,223.65,226.45,227.7,221.5,223.3,222.75,224.28,709000,15901167700000.0,13909,428569,0.6045
2017-10-04,STRTECH,EQ,222.75,223.8,229.15,221.7,222.45,222.6,224.44,1172698,26319916050000.0,22417,601708,0.5131
2017-10-05,STRTECH,EQ,222.6,223.75,228.0,220.25,221.7,220.85,222.98,1493992,33312857370000.0,17726,591354,0.3958
2017-10-06,STRTECH,EQ,220.85,223.0,226.3,220.5,221.5,221.8,223.36,938459,20961111165000.0,16717,468474,0.49920000000000003
2017-10-09,STRTECH,EQ,221.8,223.9,226.6,221.05,222.05,222.2,223.09,761322,16984346665000.0,12023,378138,0.49670000000000003
2017-10-10,STRTECH,EQ,222.2,223.5,248.0,223.1,244.8,243.9,238.19,5465780,130188989025000.0,47902,1466114,0.2682
2017-10-11,STRTECH,EQ,243.9,246.9,268.0,243.0,259.9,257.45,258.63,8507634,220035774280000.03,82111,1663348,0.1955
2017-10-12,STRTECH,EQ,257.45,262.3,274.5,258.6,274.35,272.15,267.37,5472709,146321848625000.0,55276,1530186,0.2796
2017-10-13,STRTECH,EQ,272.15,274.6,275.9,263.5,269.25,268.6,268.16,2637148,70716772915000.0,29773,934228,0.3543
2017-10-16,STRTECH,EQ,268.6,271.0,278.0,260.05,263.05,262.45,269.2,5401403,145403730750000.0,54660,1201893,0.2225
2017-10-17,STRTECH,EQ,262.45,265.0,267.9,258.25,262.3,262.45,263.65,1899000,50066208505000.0,22799,645340,0.3398
2017-10-18,STRTECH,EQ,262.45,262.5,263.0,253.6,257.0,257.0,257.01,1499007,38526504380000.0,32713,633199,0.42240000000000005
2017-10-19,STRTECH,EQ,257.0,258.0,261.2,254.45,255.8,258.45,258.25,403720,10425990710000.0,4750,184669,0.45740000000000003
2017-10-23,STRTECH,EQ,258.45,259.0,263.5,255.0,261.55,260.55,259.18,997821,25861801270000.0,15058,412862,0.41380000000000006
2017-10-24,STRTECH,EQ,260.55,261.9,271.6,260.0,267.0,267.15,267.1,2055973,54915837370000.01,22041,688428,0.3348
2017-10-25,STRTECH,EQ,267.15,268.95,269.45,261.6,265.0,265.25,265.23,834848,22142738995000.0,12729,366786,0.4393
2017-10-26,STRTECH,EQ,265.25,265.95,271.9,261.1,267.5,268.05,266.23,1350454,35953761345000.0,15962,495357,0.3668
2017-10-27,STRTECH,EQ,268.05,269.05,275.6,266.1,267.4,267.4,270.56,1175649,31808538155000.0,14894,493252,0.41960000000000003
2017-10-30,STRTECH,EQ,267.4,268.45,275.0,268.0,274.4,273.6,272.23,1250539,34043507925000.0,19971,579094,0.4631
2017-10-31,STRTECH,EQ,273.6,273.6,287.7,273.2,286.5,284.9,281.33,2962939,83355943180000.0,33326,960141,0.3241
2017-11-01,STRTECH,EQ,284.9,288.5,307.0,287.0,293.0,293.7,297.19,4398366,130714063315000.02,47450,1682733,0.3826
2017-11-02,STRTECH,EQ,293.7,294.75,297.45,282.05,283.0,283.7,286.52,1898233,54387327615000.0,28122,957415,0.5044
2017-11-03,STRTECH,EQ,283.7,285.45,285.45,275.0,275.1,275.5,277.63,1498374,41600008605000.0,24208,901559,0.6017
2017-11-06,STRTECH,EQ,275.5,275.0,277.4,261.5,264.3,264.25,268.29,1454426,39020640480000.0,21829,865733,0.5952000000000001
2017-11-07,STRTECH,EQ,264.25,266.7,282.9,265.0,275.85,274.05,274.52,2679156,73547158880000.0,42027,769748,0.2873
2017-11-08,STRTECH,EQ,274.05,276.1,283.9,272.05,275.0,274.65,277.99,1292004,35916879225000.0,17625,460106,0.3561
2017-11-09,STRTECH,EQ,274.65,276.9,293.7,274.5,291.0,290.2,284.77,2084959,59372455865000.0,25998,943994,0.45280000000000004
2017-11-10,STRTECH,EQ,290.2,289.95,293.0,281.0,285.45,285.45,287.44,1117677,32126216130000.0,15517,389475,0.34850000000000003
2017-11-13,STRTECH,EQ,285.45,287.3,293.75,269.3,279.3,279.2,280.46,1971715,55299300620000.01,30587,810752,0.4112
2017-11-14,STRTECH,EQ,279.2,280.3,281.25,266.65,268.7,268.0,271.56,1207884,32800778685000.004,13557,664635,0.5502
2017-11-15,STRTECH,EQ,268.0,266.0,273.95,262.9,264.4,264.35,267.89,1115512,29883144435000.004,14630,406023,0.364
2017-11-16,STRTECH,EQ,264.35,263.1,268.4,261.0,261.8,261.9,263.89,1456544,38436116895000.0,26366,701665,0.4817
2017-11-17,STRTECH,EQ,261.9,265.55,269.45,261.6,262.8,262.7,264.71,1021734,27046033735000.004,13638,543268,0.5317000000000001
2017-11-20,STRTECH,EQ,262.7,263.75,269.7,263.0,268.5,267.45,266.52,971577,25894228200000.0,15825,440222,0.45310000000000006
2017-11-21,STRTECH,EQ,267.45,269.95,273.4,267.0,267.5,267.8,270.55,856069,23160901835000.0,10405,341400,0.39880000000000004
2017-11-22,STRTECH,EQ,267.8,269.75,273.95,265.55,269.0,268.6,269.85,1329850,35886456460000.0,13109,525951,0.39549999999999996
2017-11-23,STRTECH,EQ,268.6,270.0,272.3,263.1,266.15,266.45,267.67,587484,15725143565000.0,10661,247369,0.42110000000000003
2017-11-24,STRTECH,EQ,266.45,268.0,271.9,266.25,270.0,270.3,269.11,685853,18457249210000.0,9844,306955,0.4476
2017-11-27,STRTECH,EQ,270.3,269.5,273.15,267.9,270.4,270.55,270.38,712499,19264507125000.0,13110,320190,0.44939999999999997
2017-11-28,STRTECH,EQ,270.55,271.0,272.45,268.0,268.65,269.0,269.91,544334,14692223085000.0,7423,306456,0.563
2017-11-29,STRTECH,EQ,269.0,269.4,270.5,265.0,265.35,265.5,267.24,342427,9150895685000.0,5831,164795,0.48130000000000006
2017-11-30,STRTECH,EQ,265.5,264.7,280.0,262.0,278.1,275.5,272.1,1228404,33425330375000.0,14852,713124,0.5805
2017-12-01,STRTECH,EQ,275.5,278.2,285.8,268.55,269.0,269.85,278.89,1867885,52093845135000.0,20816,881772,0.4721
2017-12-04,STRTECH,EQ,269.85,271.0,273.35,266.5,268.0,268.35,269.07,463497,12471133625000.0,6639,210626,0.45439999999999997
2017-12-05,STRTECH,EQ,268.35,267.0,278.0,264.35,277.5,276.45,272.97,1276850,34854506650000.0,14553,437662,0.3428
2017-12-06,STRTECH,EQ,276.45,275.45,281.85,272.35,274.65,274.85,276.59,977288,27030848180000.0,11359,493888,0.5054
2017-12-07,STRTECH,EQ,274.85,276.8,283.65,275.1,280.15,281.5,281.05,1025388,28818849360000.004,13704,487474,0.4754
2017-12-08,STRTECH,EQ,281.5,282.0,294.45,281.6,292.8,292.45,290.14,1993895,57851126290000.0,23702,855970,0.4293
2017-12-11,STRTECH,EQ,292.45,294.1,297.4,285.0,287.7,286.65,290.65,1009597,29343696905000.0,16298,445098,0.44090000000000007
2017-12-12,STRTECH,EQ,286.65,287.8,288.0,278.5,281.9,281.85,282.62,433864,12261900830000.0,7914,192948,0.4447
2017-12-13,STRTECH,EQ,281.85,281.9,297.9,280.3,296.95,295.9,291.39,2781275,81042416035000.0,30884,1371173,0.493
2017-12-14,STRTECH,EQ,295.9,300.0,309.3,295.3,299.9,299.9,301.78,3698673,111619031640000.02,37635,1074306,0.29050000000000004
2017-12-15,STRTECH,EQ,299.9,302.6,304.0,296.0,297.95,297.75,299.49,724411,21695343500000.0,11774,242776,0.3351
2017-12-18,STRTECH,EQ,297.75,295.0,304.0,253.3,295.0,294.0,294.01,1143245,33612846230000.0,15278,324121,0.28350000000000003
2017-12-19,STRTECH,EQ,294.0,298.9,303.4,296.05,297.35,298.15,298.79,756791,22612070890000.0,12626,200399,0.26480000000000004
2017-12-20,STRTECH,EQ,298.15,299.0,300.4,292.0,293.75,293.35,296.2,471444,13964207915000.0,6653,205152,0.43520000000000003
2017-12-21,STRTECH,EQ,293.35,295.0,295.3,291.25,291.65,292.1,292.85,308636,9038301290000.0,4801,116655,0.378
2017-12-22,STRTECH,EQ,292.1,292.95,296.3,290.05,290.05,291.55,292.52,398965,11670718430000.0,6390,191900,0.48100000000000004
2017-12-26,STRTECH,EQ,291.55,291.55,301.0,288.5,297.8,297.4,296.38,818082,24246531035000.0,10771,212036,0.25920000000000004
2017-12-27,STRTECH,EQ,297.4,294.2,301.0,291.65,294.25,294.2,296.56,609346,18070771125000.0,9363,184686,0.3031
2017-12-28,STRTECH,EQ,294.2,295.45,295.45,290.0,292.3,291.55,292.4,428952,12542492185000.0,5865,216864,0.5056
2017-12-29,STRTECH,EQ,291.55,293.0,294.85,291.4,292.6,292.55,293.02,328020,9611522870000.0,4847,144543,0.44070000000000004
2018-01-01,STRTECH,EQ,292.55,294.0,297.95,292.0,295.8,293.85,295.15,376618,11115933855000.0,5511,136433,0.36229999999999996
2018-01-02,STRTECH,EQ,293.85,296.9,296.9,289.1,291.7,290.7,293.09,449553,13175849485000.0,6550,182682,0.40640000000000004
2018-01-03,STRTECH,EQ,290.7,292.85,310.0,292.1,304.9,303.6,304.35,2285278,69551848865000.0,28398,732455,0.32049999999999995
2018-01-04,STRTECH,EQ,303.6,306.5,341.9,306.35,335.5,335.1,325.47,4816615,156765207645000.0,55472,1446472,0.3003
2018-01-05,STRTECH,EQ,335.1,335.4,354.0,330.0,338.95,341.0,344.55,4467126,153912601515000.0,63332,1486997,0.3329
2018-01-08,STRTECH,EQ,341.0,342.0,350.75,338.0,348.05,348.25,345.08,1632397,56330468000000.0,21861,586674,0.3594
2018-01-09,STRTECH,EQ,348.25,347.85,348.0,334.5,338.35,337.45,339.85,1126538,38285819810000.0,18840,496582,0.44079999999999997
2018-01-10,STRTECH,EQ,337.45,338.7,370.0,335.0,361.0,361.55,358.94,5116034,183634165820000.0,56604,1098916,0.21480000000000002
2018-01-11,STRTECH,EQ,361.55,361.3,382.95,354.35,359.9,358.4,371.42,4115075,152841527045000.0,57941,1506537,0.3661
2018-01-12,STRTECH,EQ,358.4,361.1,369.0,352.0,359.6,360.35,360.78,1478724,53349669415000.0,24477,459426,0.31070000000000003
2018-01-15,STRTECH,EQ,360.35,362.9,374.8,361.5,372.7,371.35,368.26,1519717,55964446540000.0,21417,479047,0.3152
2018-01-16,STRTECH,EQ,371.35,373.0,376.7,361.0,364.0,363.3,368.74,1717226,63321119800000.0,28875,737651,0.42960000000000004
2018-01-17,STRTECH,EQ,363.3,364.45,387.4,343.0,381.5,380.55,374.95,6649387,249321568685000.0,67579,1552231,0.2334
2018-01-18,STRTECH,EQ,380.55,384.8,405.0,374.15,388.9,389.45,393.57,7277412,286417022975000.0,70461,2316203,0.31829999999999997
2018-01-19,STRTECH,EQ,389.45,390.0,390.8,372.3,375.8,376.05,378.69,1803541,68298950775000.0,28203,692306,0.3839
2018-01-22,STRTECH,EQ,376.05,376.45,377.45,365.05,367.95,368.6,370.39,818582,30319398980000.0,12725,337400,0.4122
2018-01-23,STRTECH,EQ,368.6,368.4,398.8,367.05,395.3,395.8,387.8,3120006,120993147625000.0,39086,867931,0.2782
2018-01-24,STRTECH,EQ,395.8,391.3,415.0,386.55,407.5,409.95,404.61,4251476,172018257420000.0,55521,1141665,0.2685
2018-01-25,STRTECH,EQ,409.95,408.0,410.25,390.0,394.0,392.1,398.38,1391766,55445784979999.99,29448,654591,0.4703
2018-01-29,STRTECH,EQ,392.1,394.8,395.0,380.9,385.6,385.6,385.92,1031889,39822219830000.0,30090,421167,0.4082
2018-01-30,STRTECH,EQ,385.6,385.9,385.9,363.15,364.0,365.05,371.81,1233880,45876816830000.0,27266,565135,0.45799999999999996
2018-01-31,STRTECH,EQ,365.05,363.0,381.0,354.5,359.55,358.85,366.76,1784736,65456382110000.0,42974,639445,0.3583
2018-02-01,STRTECH,EQ,358.85,362.8,378.0,360.05,374.75,374.7,370.54,2023393,74974844820000.0,35252,674611,0.33340000000000003
2018-02-02,STRTECH,EQ,374.7,370.0,379.1,347.9,350.0,349.45,361.53,2356225,85184764080000.0,39010,1026106,0.4355
2018-02-05,STRTECH,EQ,349.45,336.25,338.9,300.5,324.9,323.25,320.51,5841033,187211614965000.0,72232,2338205,0.40030000000000004
2018-02-06,STRTECH,EQ,323.25,293.0,327.0,292.25,319.55,320.25,313.89,2932228,92039638405000.0,46025,1013944,0.3458
2018-02-07,STRTECH,EQ,320.25,328.5,339.35,328.0,332.75,333.3,333.22,2258735,75265090490000.0,37090,854662,0.37840000000000007
2018-02-08,STRTECH,EQ,333.3,336.2,348.2,328.95,332.35,332.3,339.2,2350028,79712913455000.0,54111,1184581,0.5041
2018-02-09,STRTECH,EQ,332.3,322.7,348.55,322.7,346.2,346.15,340.07,2209189,75127701885000.0,41770,786978,0.35619999999999996
2018-02-12,STRTECH,EQ,346.15,350.0,359.85,349.4,355.95,355.6,355.09,1142959,40585227295000.0,19602,579978,0.5074000000000001
2018-02-14,STRTECH,EQ,355.6,359.5,363.55,355.0,355.8,356.6,358.24,938504,33620573275000.0,13189,357857,0.38130000000000003
2018-02-15,STRTECH,EQ,356.6,360.0,361.0,352.0,355.6,353.9,355.6,998508,35506722350000.0,21323,357167,0.3577
2018-02-16,STRTECH,EQ,353.9,355.55,363.75,343.6,348.5,347.85,352.8,1156055,40785974685000.0,20629,369263,0.3194
2018-02-19,STRTECH,EQ,347.85,347.85,349.35,332.9,344.0,343.95,340.12,946698,32199203700000.0,21756,308892,0.32630000000000003
2018-02-20,STRTECH,EQ,343.95,346.8,355.65,340.55,342.55,342.75,347.1,719014,24957144515000.0,13042,215273,0.2994
2018-02-21,STRTECH,EQ,342.75,345.75,348.45,333.2,334.4,334.6,338.19,848576,28697969845000.0,22895,354877,0.4182
2018-02-22,STRTECH,EQ,334.6,332.0,341.55,331.6,334.5,334.75,336.15,719541,24187710525000.0,11092,252595,0.3511
2018-02-23,STRTECH,EQ,334.75,337.35,346.0,337.0,344.25,343.3,342.42,1128769,38651259260000.0,23118,532923,0.4721
2018-02-26,STRTECH,EQ,343.3,354.8,378.85,352.25,365.5,364.3,366.26,3874367,141903218670000.0,54201,1271212,0.3281
2018-02-27,STRTECH,EQ,364.3,367.9,371.0,357.05,358.75,359.15,361.61,1496829,54126319735000.0,30663,667153,0.4457
2018-02-28,STRTECH,EQ,359.15,353.0,360.7,347.25,358.95,359.35,355.48,1072928,38140755155000.0,19338,329329,0.3069
2018-03-01,STRTECH,EQ,359.35,358.95,367.0,354.5,358.6,357.85,361.13,1116996,40338210465000.0,21314,371868,0.3329
2018-03-05,STRTECH,EQ,357.85,358.45,358.45,347.3,348.0,349.35,351.66,1494853,52567810050000.0,36218,881505,0.5897
2018-03-06,STRTECH,EQ,349.35,352.5,358.75,345.95,348.4,349.1,351.84,1044230,36740502050000.0,21961,500604,0.4794
2018-03-07,STRTECH,EQ,349.1,347.4,349.4,340.0,343.2,342.0,343.58,923478,31728864985000.004,22616,413384,0.4476
2018-03-08,STRTECH,EQ,342.0,346.3,347.45,332.6,335.9,335.85,338.3,860449,29108912950000.0,15444,412890,0.47990000000000005
2018-03-09,STRTECH,EQ,335.85,339.0,344.9,333.7,341.0,337.95,339.48,801623,27213420564999.996,24291,355775,0.44380000000000003
2018-03-12,STRTECH,EQ,337.95,342.0,344.9,334.85,340.9,341.1,340.85,907020,30915646639999.996,16363,466348,0.5142
2018-03-13,STRTECH,EQ,341.1,342.0,353.45,340.2,348.35,348.3,348.6,1267174,44173976260000.0,21907,643402,0.5077
2018-03-14,STRTECH,EQ,348.3,346.0,346.5,337.0,338.6,338.4,340.54,825299,28104414795000.0,14278,327573,0.3969
2018-03-15,STRTECH,EQ,338.4,339.0,342.8,332.3,332.85,333.6,336.26,1259188,42341857735000.0,26486,667471,0.5301
2018-03-16,STRTECH,EQ,333.6,334.7,340.0,329.05,337.5,335.1,334.83,3563012,119300671720000.0,58721,2258544,0.6339
2018-03-19,STRTECH,EQ,335.1,338.0,338.15,315.75,316.7,318.15,323.51,1048080,33906506414999.996,21996,506487,0.4833
2018-03-20,STRTECH,EQ,318.15,315.0,319.9,310.25,315.95,315.85,315.95,1081748,34177510260000.004,20304,447676,0.41380000000000006
2018-03-21,STRTECH,EQ,315.85,317.65,329.95,317.65,323.9,323.75,325.76,1835931,59807934079999.99,26954,998128,0.5437
2018-03-22,STRTECH,EQ,323.75,326.95,329.35,318.5,320.0,319.9,323.99,848448,27488666030000.0,33214,389515,0.45909999999999995
2018-03-23,STRTECH,EQ,319.9,307.0,318.7,307.0,313.9,314.6,312.65,1515801,47392072535000.0,19824,676749,0.4465
2018-03-26,STRTECH,EQ,314.6,315.0,321.0,309.5,317.8,318.75,314.78,940665,29609787820000.0,13464,423915,0.4507
2018-03-27,STRTECH,EQ,318.75,323.8,324.8,316.0,317.0,317.1,320.08,608191,19467167265000.0,9235,284666,0.4681
2018-03-28,STRTECH,EQ,317.1,315.95,318.15,310.0,312.9,312.4,313.3,799305,25042255115000.0,20113,395498,0.49479999999999996
2018-04-02,STRTECH,EQ,312.4,315.75,329.2,315.0,328.5,327.0,322.36,788665,25423747130000.0,16819,317669,0.40280000000000005
2018-04-03,STRTECH,EQ,327.0,328.0,328.95,318.0,323.7,321.75,322.64,1033060,33330956810000.004,17436,570347,0.5521
2018-04-04,STRTECH,EQ,321.75,324.85,335.8,320.8,324.5,324.95,328.76,2013391,66191674054999.99,29002,932016,0.4629
2018-04-05,STRTECH,EQ,324.95,330.1,344.0,330.1,337.45,338.9,339.83,2253553,76581767380000.0,23166,870126,0.3861
2018-04-06,STRTECH,EQ,338.9,339.65,339.8,328.6,330.75,330.8,332.75,1035289,34448910250000.0,13327,573040,0.5535
2018-04-09,STRTECH,EQ,330.8,333.1,337.0,330.0,331.9,331.25,332.96,603951,20109410855000.0,8593,290692,0.48130000000000006
2018-04-10,STRTECH,EQ,331.25,333.7,334.4,327.0,329.5,328.2,330.16,777462,25668770220000.0,13780,422121,0.5429
2018-04-11,STRTECH,EQ,328.2,329.7,333.6,321.1,331.4,329.25,325.82,1322871,43102360850000.0,29183,671667,0.5077
2018-04-12,STRTECH,EQ,329.25,332.0,336.0,325.0,325.45,326.4,329.94,1374712,45357603365000.0,31999,656146,0.4773
2018-04-13,STRTECH,EQ,326.4,327.7,329.1,318.8,320.35,320.35,321.97,1402949,45170767430000.0,22759,935995,0.6672
2018-04-16,STRTECH,EQ,320.35,317.65,324.95,315.35,317.9,318.05,319.29,1062491,33924305575000.0,18330,597774,0.5626
2018-04-17,STRTECH,EQ,318.05,320.5,334.0,318.5,330.05,329.4,329.0,2368102,77911691215000.0,33708,892564,0.3769
2018-04-18,STRTECH,EQ,329.4,334.0,335.25,322.25,326.1,325.1,328.04,1099503,36068456015000.0,16078,498038,0.45299999999999996
2018-04-19,STRTECH,EQ,325.1,327.9,327.9,321.25,322.55,322.25,323.0,903089,29169784735000.004,15755,490630,0.5433
2018-04-20,STRTECH,EQ,322.25,323.0,342.0,323.0,340.1,338.0,336.32,3755009,126288270084999.98,41802,1505124,0.4008
2018-04-23,STRTECH,EQ,338.0,342.0,355.9,342.0,352.7,350.6,349.98,3005207,105177111030000.0,37180,841823,0.2801
2018-04-24,STRTECH,EQ,350.6,354.8,358.95,350.1,355.1,354.85,354.8,2080089,73800525970000.0,39329,826509,0.3973
2018-04-25,STRTECH,EQ,354.85,355.0,365.0,332.0,336.0,336.0,352.65,5546781,195606178645000.0,74431,1788373,0.3224
2018-04-26,STRTECH,EQ,336.0,342.0,351.8,338.35,342.7,341.55,345.01,2359768,81414060495000.0,28944,841536,0.3566
2018-04-27,STRTECH,EQ,341.55,343.9,345.75,335.0,342.9,341.7,340.1,1467601,49912394900000.0,20657,629762,0.4291
2018-04-30,STRTECH,EQ,341.7,344.7,354.9,344.0,352.4,352.4,350.56,1896448,66481377385000.0,40261,947190,0.49950000000000006
2018-05-02,STRTECH,EQ,352.4,354.0,358.0,342.55,348.0,347.3,351.97,1423882,50116888935000.0,20537,522313,0.3668
2018-05-03,STRTECH,EQ,347.3,343.8,346.9,338.55,343.75,343.2,341.93,669393,22888830535000.0,13125,254248,0.37979999999999997
2018-05-04,STRTECH,EQ,343.2,344.9,351.05,336.2,337.5,337.1,339.93,739164,25126532695000.0,12808,358080,0.4844
2018-05-07,STRTECH,EQ,337.1,338.5,344.8,337.0,340.4,339.85,340.54,789296,26878933145000.0,14344,386769,0.49
2018-05-08,STRTECH,EQ,339.85,340.5,341.95,333.95,336.5,335.3,337.87,698208,23590477135000.0,13211,316841,0.45380000000000004
2018-05-09,STRTECH,EQ,335.3,335.8,336.0,328.0,329.75,329.3,331.39,597135,19788415890000.0,9439,285694,0.47840000000000005
2018-05-10,STRTECH,EQ,329.3,330.0,334.9,314.65,321.0,320.3,322.85,1190070,38421295490000.0,18803,579124,0.4866
2018-05-11,STRTECH,EQ,320.3,322.5,326.35,319.0,325.0,324.8,323.05,544890,17602559780000.0,11520,224924,0.4128
2018-05-14,STRTECH,EQ,324.8,325.0,327.75,317.5,318.8,319.6,321.1,418484,13437538960000.0,8983,180417,0.4311
2018-05-15,STRTECH,EQ,319.6,317.0,323.95,314.0,315.65,315.4,318.28,599440,19079025375000.0,22742,318685,0.5316
2018-05-16,STRTECH,EQ,315.4,314.9,319.5,310.5,316.9,314.95,314.51,458445,14418344169999.998,8895,164402,0.3586
2018-05-17,STRTECH,EQ,314.95,317.0,327.85,315.4,326.3,325.85,322.51,739450,23848294290000.0,14138,271381,0.36700000000000005
2018-05-18,STRTECH,EQ,325.85,326.75,326.9,315.0,317.0,316.65,319.62,570000,18218610920000.0,8026,248921,0.43670000000000003
2018-05-21,STRTECH,EQ,316.65,316.65,318.5,305.0,307.0,306.6,309.15,516698,15973842344999.998,10431,234762,0.45439999999999997
2018-05-22,STRTECH,EQ,306.6,307.0,314.55,301.35,309.55,309.8,309.49,574310,17774602410000.0,15533,184649,0.3215
2018-05-23,STRTECH,EQ,309.8,307.85,311.4,302.0,310.5,307.25,305.62,756320,23114952320000.0,14123,311576,0.41200000000000003
2018-05-24,STRTECH,EQ,307.25,311.0,312.65,303.3,304.95,305.25,305.42,401396,12259542380000.0,13121,173436,0.43210000000000004
2018-05-25,STRTECH,EQ,305.25,304.05,321.8,303.1,318.55,318.5,313.21,1171678,36697637870000.0,18140,381984,0.326
2018-05-28,STRTECH,EQ,318.5,319.0,324.2,315.0,322.8,322.8,320.46,573477,18377489285000.0,7564,177900,0.3102
2018-05-29,STRTECH,EQ,322.8,318.35,324.9,310.4,322.85,322.95,319.04,967057,30852934664999.996,14244,367568,0.3801
2018-05-30,STRTECH,EQ,322.95,319.0,329.9,316.0,328.55,328.0,324.65,998042,32401054875000.0,23259,424985,0.4258
2018-05-31,STRTECH,EQ,328.0,329.35,332.5,323.3,329.45,330.25,328.56,718261,23599541195000.0,10808,299704,0.4173
2018-06-01,STRTECH,EQ,330.25,330.5,332.45,320.5,320.55,322.05,325.58,534945,17416655090000.0,11459,229634,0.4293
2018-06-04,STRTECH,EQ,322.05,320.3,323.65,306.5,307.35,308.15,313.11,528165,16537417100000.0,8858,229028,0.4336
2018-06-05,STRTECH,EQ,308.15,308.15,308.4,280.0,280.25,282.65,290.45,1721441,49998640900000.0,35382,883620,0.5133
2018-06-06,STRTECH,EQ,282.65,276.25,287.7,255.4,281.9,282.35,275.71,2427024,66914875650000.0,40508,868048,0.3577
2018-06-07,STRTECH,EQ,282.35,290.0,308.8,283.0,307.95,305.7,295.39,3618927,106898034815000.0,47700,2252668,0.6225
2018-06-08,STRTECH,EQ,305.7,303.7,304.4,295.55,300.05,300.9,300.27,1150202,34536787670000.0,24454,408954,0.3555
2018-06-11,STRTECH,EQ,300.9,301.0,306.0,295.95,297.3,297.15,299.86,742678,22269879130000.0,9510,317317,0.42729999999999996
2018-06-12,STRTECH,EQ,297.15,297.15,312.0,294.5,302.6,303.3,302.68,3485542,105499671085000.0,24559,2053443,0.5891
2018-06-13,STRTECH,EQ,303.3,305.4,314.0,300.1,301.1,301.15,307.99,2305890,71020132050000.0,21056,1190191,0.5162
2018-06-14,STRTECH,EQ,301.15,301.0,301.5,294.0,296.95,297.7,297.61,764525,22752891085000.0,11473,283875,0.3713
2018-06-15,STRTECH,EQ,297.7,299.7,304.9,295.0,296.95,295.55,297.03,2382425,70764234360000.0,17145,1649232,0.6922
2018-06-18,STRTECH,EQ,295.55,297.4,297.55,285.05,287.4,288.15,289.99,729149,21144531925000.0,9743,313711,0.4302
2018-06-19,STRTECH,EQ,288.15,286.0,294.4,283.0,290.0,290.25,288.96,1771017,51174499055000.0,17505,1147114,0.6476999999999999
2018-06-20,STRTECH,EQ,290.25,291.0,292.5,283.1,285.1,285.15,286.16,763730,21854865790000.0,18067,408828,0.5353
2018-06-21,STRTECH,EQ,285.15,287.8,287.8,276.25,277.5,278.85,282.36,654867,18490514675000.0,14291,287097,0.43840000000000007
2018-06-22,STRTECH,EQ,278.85,277.25,283.75,276.25,280.1,281.1,280.89,628388,17651026520000.0,13868,230820,0.36729999999999996
2018-06-25,STRTECH,EQ,281.1,279.0,283.5,275.0,275.1,276.3,278.82,416122,11602517345000.0,6672,143281,0.3443
2018-06-26,STRTECH,EQ,276.3,276.3,280.4,273.35,278.15,277.95,277.0,507088,14046230669999.998,11632,248860,0.4908
2018-06-27,STRTECH,EQ,277.95,278.95,282.9,268.1,270.0,271.7,275.42,784685,21611747545000.0,16132,334956,0.4269
2018-06-28,STRTECH,EQ,271.7,272.5,272.9,265.0,267.5,268.75,267.18,1086294,29023782420000.0,46737,649358,0.5978
2018-06-29,STRTECH,EQ,268.75,271.0,279.0,271.0,275.05,275.4,275.39,758206,20880191100000.0,10642,330270,0.43560000000000004
2018-07-02,STRTECH,EQ,275.4,278.1,278.7,266.55,270.55,272.05,271.4,643942,17476651275000.0,11035,327624,0.5088
2018-07-03,STRTECH,EQ,272.05,271.85,274.0,265.0,267.5,268.2,268.68,519471,13957125325000.0,9544,200074,0.3851
2018-07-04,STRTECH,EQ,268.2,267.05,270.25,261.1,261.9,262.3,263.58,726131,19139309150000.0,9123,353266,0.4865
2018-07-05,STRTECH,EQ,262.3,265.85,269.4,262.3,265.6,267.0,265.87,933187,24810734090000.0,18028,332796,0.3566
2018-07-06,STRTECH,EQ,267.0,265.5,293.0,263.05,287.85,289.6,282.84,2782019,78685900295000.0,33730,689194,0.2477
2018-07-09,STRTECH,EQ,289.6,297.0,319.7,296.3,315.2,315.3,309.89,6716106,208126910740000.0,82842,1002673,0.1493
2018-07-10,STRTECH,EQ,315.3,317.8,337.7,317.0,328.1,327.25,329.32,5501835,181185844795000.0,92140,1635632,0.2973
2018-07-11,STRTECH,EQ,327.25,329.35,332.0,306.1,308.1,310.1,319.03,2462787,78570261955000.0,33400,797058,0.3236
2018-07-12,STRTECH,EQ,310.1,311.0,316.5,302.5,309.1,308.75,309.86,1485764,46038128735000.0,24379,342908,0.23079999999999998
2018-07-13,STRTECH,EQ,308.75,310.0,310.8,298.0,299.0,299.55,302.09,1246867,37666354495000.0,17776,465901,0.3737
2018-07-16,STRTECH,EQ,299.55,301.0,301.0,288.65,289.0,291.3,293.55,988916,29029687939999.996,21006,427995,0.4328
2018-07-17,STRTECH,EQ,291.3,290.7,314.4,286.4,310.25,309.8,305.45,2433393,74328745910000.0,34625,623126,0.2561
2018-07-18,STRTECH,EQ,309.8,312.95,319.0,307.0,314.75,314.35,313.98,2147275,67419855504999.99,35548,661889,0.30820000000000003
2018-07-19,STRTECH,EQ,314.35,315.25,316.95,296.2,300.1,301.75,305.07,2963018,90394252195000.0,43849,818216,0.2761
2018-07-20,STRTECH,EQ,301.75,301.8,333.85,301.8,330.15,330.85,325.05,6697548,217700950780000.03,101384,1601222,0.2391
2018-07-23,STRTECH,EQ,330.85,334.9,344.8,325.5,344.05,342.55,338.33,2883090,97544691735000.0,43848,876343,0.304
2018-07-24,STRTECH,EQ,342.55,344.95,352.5,344.05,346.55,347.6,348.46,1818872,63380355390000.0,39047,689224,0.3789
2018-07-25,STRTECH,EQ,347.6,347.0,348.6,336.1,338.35,337.55,340.27,937567,31902601980000.0,21330,312358,0.3332
2018-07-26,STRTECH,EQ,337.55,335.0,338.75,328.0,332.4,332.0,332.45,776348,25809697350000.0,12206,221362,0.2851
2018-07-27,STRTECH,EQ,332.0,333.35,347.6,333.35,343.0,343.3,343.35,1162844,39926733580000.0,19051,329835,0.2836
2018-07-30,STRTECH,EQ,343.3,344.75,348.7,340.65,343.0,342.35,344.04,912874,31406677095000.0,11272,329657,0.3611
2018-07-31,STRTECH,EQ,342.35,343.5,355.65,340.4,343.8,344.7,348.48,2331685,81255707925000.0,30853,650092,0.2788
2018-08-01,STRTECH,EQ,344.7,345.05,346.0,335.0,335.6,337.6,338.91,938958,31822683760000.004,15839,427672,0.45549999999999996
2018-08-02,STRTECH,EQ,337.6,337.0,343.5,331.25,338.65,338.2,337.78,811423,27407947089999.996,14794,279891,0.34490000000000004
2018-08-03,STRTECH,EQ,338.2,340.9,343.5,337.75,338.3,338.75,339.87,503423,17109685875000.0,8984,165742,0.32920000000000005
2018-08-06,STRTECH,EQ,338.75,340.4,342.8,336.0,337.1,337.6,339.67,475837,16162626005000.002,12723,175265,0.3683
2018-08-07,STRTECH,EQ,337.6,338.6,349.0,332.1,341.7,341.35,340.84,857905,29240672960000.004,13158,305066,0.3556
2018-08-08,STRTECH,EQ,341.35,343.0,363.5,340.0,362.0,360.2,354.23,3859219,136704203490000.02,61951,1170647,0.3033
2018-08-09,STRTECH,EQ,360.2,366.0,374.7,358.0,366.1,365.35,368.7,3478291,128244026555000.0,52214,1177325,0.3385
2018-08-10,STRTECH,EQ,365.35,367.0,368.9,358.75,362.25,362.25,364.39,1313358,47857424825000.0,21676,367604,0.2799
2018-08-13,STRTECH,EQ,362.25,358.5,362.1,348.65,355.6,355.7,355.04,1200902,42636497140000.0,18222,420545,0.3502
2018-08-14,STRTECH,EQ,355.7,356.6,365.0,356.6,361.5,362.8,361.66,977365,35347384665000.0,16669,341621,0.34950000000000003
2018-08-16,STRTECH,EQ,362.8,359.3,366.6,358.95,362.5,361.1,362.39,632222,22911364215000.0,10403,177663,0.281
2018-08-17,STRTECH,EQ,361.1,362.9,365.9,359.15,360.55,361.8,363.11,635551,23077755585000.0,7896,236051,0.3714
2018-08-20,STRTECH,EQ,361.8,362.9,365.7,357.05,360.9,360.45,361.26,472749,17078408360000.0,7017,171071,0.3619
2018-08-21,STRTECH,EQ,360.45,360.55,362.8,351.0,357.4,358.25,356.83,834919,29792531380000.0,12377,270906,0.3245
2018-08-23,STRTECH,EQ,358.25,360.0,362.9,352.0,352.6,352.8,356.45,558999,19925791355000.0,8726,217425,0.389
2018-08-24,STRTECH,EQ,352.8,352.0,355.6,344.25,345.7,346.7,349.69,599196,20953332255000.0,11433,254189,0.4242
2018-08-27,STRTECH,EQ,346.7,349.9,353.4,346.0,346.15,347.05,349.16,410784,14342905490000.0,6515,157784,0.3841
2018-08-28,STRTECH,EQ,347.05,347.2,368.7,347.2,367.3,365.15,360.56,2194365,79120448125000.0,29946,614781,0.2802
2018-08-29,STRTECH,EQ,365.15,368.75,373.65,361.1,365.0,363.45,368.39,1371362,50519666730000.0,20823,462226,0.3371
2018-08-30,STRTECH,EQ,363.45,365.9,366.65,352.5,356.1,356.9,358.0,835994,29928842960000.004,20365,403092,0.4822
2018-08-31,STRTECH,EQ,356.9,356.5,366.0,353.9,362.6,362.65,361.98,758833,27468489170000.0,22087,250121,0.3296
2018-09-03,STRTECH,EQ,362.65,365.9,368.75,359.05,361.75,361.3,363.4,704456,25599954505000.0,10781,205512,0.2917
2018-09-04,STRTECH,EQ,361.3,361.95,361.95,349.0,354.75,354.7,356.01,712489,25365552525000.0,16501,299603,0.4205
2018-09-05,STRTECH,EQ,354.7,355.9,358.45,337.1,348.8,347.8,346.63,1149494,39844441080000.0,31824,484250,0.4213
2018-09-06,STRTECH,EQ,347.8,349.8,355.0,345.0,350.0,350.35,350.49,822516,28828309260000.004,13347,215254,0.26170000000000004
2018-09-07,STRTECH,EQ,350.35,350.6,360.5,345.85,353.9,353.9,353.56,1175282,41553762440000.0,16498,366565,0.3119
2018-09-10,STRTECH,EQ,353.9,352.8,355.9,348.45,350.0,349.35,350.89,513811,18029364140000.0,10624,227178,0.4421
2018-09-11,STRTECH,EQ,349.35,350.8,351.25,340.0,340.05,341.85,344.84,692740,23888586075000.0,21793,381519,0.5507
2018-09-12,STRTECH,EQ,341.85,340.1,340.85,323.25,331.0,332.05,330.16,1721962,56851977450000.0,28439,722795,0.41979999999999995
2018-09-14,STRTECH,EQ,332.05,332.3,342.7,332.3,335.0,336.3,337.71,972641,32847006480000.0,22494,432924,0.4451
2018-09-17,STRTECH,EQ,336.3,338.8,345.95,338.75,342.0,341.3,342.17,1118409,38268328255000.0,28448,345299,0.30870000000000003
2018-09-18,STRTECH,EQ,341.3,343.75,348.0,339.2,343.4,341.15,343.62,645369,22176126125000.0,15413,191972,0.2975
2018-09-19,STRTECH,EQ,341.15,343.6,345.75,336.75,342.15,341.0,340.85,649789,22148020330000.0,17606,286909,0.4415
2018-09-21,STRTECH,EQ,341.0,345.2,345.8,301.0,325.0,324.95,328.16,1034080,33934358905000.0,26102,454896,0.4399
2018-09-24,STRTECH,EQ,324.95,326.05,327.95,316.7,320.2,318.9,321.18,637165,20464593245000.0,17271,297768,0.4673
2018-09-25,STRTECH,EQ,318.9,318.5,329.8,315.0,322.5,323.4,321.79,585492,18840445340000.0,16353,248678,0.4247
2018-09-26,STRTECH,EQ,323.4,325.75,332.0,320.35,330.6,330.5,327.88,757653,24841709990000.0,18795,255768,0.3376
2018-09-27,STRTECH,EQ,330.5,331.1,336.65,316.4,318.1,318.2,325.46,706357,22989379695000.0,14427,267273,0.37840000000000007
2018-09-28,STRTECH,EQ,318.2,320.95,323.25,289.0,290.8,293.35,303.75,1281528,38926177315000.0,23154,493792,0.38530000000000003
2018-10-01,STRTECH,EQ,293.35,290.0,299.7,275.0,299.0,295.3,285.66,1434528,40978516840000.0,22437,592233,0.4128
2018-10-03,STRTECH,EQ,295.3,298.4,309.4,286.1,303.3,302.2,302.64,830166,25124122005000.0,22085,308211,0.3713
2018-10-04,STRTECH,EQ,302.2,299.0,307.6,291.35,299.0,299.65,300.3,973760,29242467735000.004,19874,486379,0.49950000000000006
2018-10-05,STRTECH,EQ,299.65,300.9,304.9,290.0,290.9,294.05,298.39,499842,14914884375000.0,13066,180113,0.3603
2018-10-08,STRTECH,EQ,294.05,290.8,295.0,275.55,281.0,281.85,283.86,1259192,35743694775000.0,24075,551558,0.438
2018-10-09,STRTECH,EQ,281.85,283.85,289.75,278.15,284.0,284.0,283.94,617359,17529131905000.002,12602,229549,0.3718
2018-10-10,STRTECH,EQ,284.0,285.25,309.4,282.0,308.65,307.5,299.46,928613,27808425739999.996,14495,323635,0.34850000000000003
2018-10-11,STRTECH,EQ,307.5,292.0,305.65,280.0,298.0,298.5,298.56,650721,19428104700000.0,11744,202956,0.3119
2018-10-12,STRTECH,EQ,298.5,303.05,321.9,303.05,314.75,313.65,314.96,1095560,34506041130000.0,20554,253167,0.2311
2018-10-15,STRTECH,EQ,313.65,315.05,320.9,312.45,317.5,317.9,317.27,661363,20983004955000.0,11865,159529,0.24120000000000003
2018-10-16,STRTECH,EQ,317.9,321.25,340.4,319.95,337.0,336.4,331.89,1787156,59313323365000.0,26049,410207,0.2295
2018-10-17,STRTECH,EQ,336.4,342.0,352.5,330.8,332.95,332.4,342.89,1497038,51331714970000.0,27225,560388,0.3743
2018-10-19,STRTECH,EQ,332.4,328.0,330.0,321.0,327.2,327.05,325.95,739479,24103182645000.0,23125,306839,0.41490000000000005
2018-10-22,STRTECH,EQ,327.05,330.4,334.5,325.0,328.45,326.3,328.36,601816,19761221840000.0,12383,191270,0.3178
2018-10-23,STRTECH,EQ,326.3,324.0,330.9,317.0,319.6,318.8,322.69,951244,30695896280000.0,16824,325719,0.34240000000000004
2018-10-24,STRTECH,EQ,318.8,323.05,329.0,318.9,324.85,323.95,323.83,1491359,48294491205000.0,26144,410864,0.2755
2018-10-25,STRTECH,EQ,323.95,321.0,331.5,318.1,326.7,326.35,326.19,1204494,39289281745000.0,20717,624922,0.5188
2018-10-26,STRTECH,EQ,326.35,325.7,348.8,323.5,345.15,345.95,340.2,1853366,63051633665000.0,39024,740800,0.3997
2018-10-29,STRTECH,EQ,345.95,348.95,370.45,344.1,370.0,368.35,359.46,2445185,87895525730000.0,50063,1106209,0.4524
2018-10-30,STRTECH,EQ,368.35,369.7,396.5,366.15,372.0,370.55,382.36,4291517,164089823725000.0,69405,1635579,0.3811
2018-10-31,STRTECH,EQ,370.55,372.4,384.25,370.0,382.0,381.25,378.61,1385947,52473982215000.0,23085,443697,0.3201
2018-11-01,STRTECH,EQ,381.25,383.9,399.9,383.85,390.55,388.85,392.84,2422810,95177792455000.0,30651,1257717,0.5191
2018-11-02,STRTECH,EQ,388.85,391.0,396.0,372.1,374.75,374.55,379.6,1462600,55520048875000.0,28209,602094,0.4117
2018-11-05,STRTECH,EQ,374.55,374.0,374.0,361.05,364.45,364.3,366.02,985244,36062205550000.0,20741,341809,0.3469
2018-11-06,STRTECH,EQ,364.3,367.0,381.85,366.5,377.0,376.15,376.37,1953692,73530571395000.0,37500,781821,0.40020000000000006
2018-11-07,STRTECH,EQ,376.15,379.8,383.7,378.1,379.7,380.25,380.67,372046,14162717225000.0,7054,174793,0.4698
2018-11-09,STRTECH,EQ,380.25,379.85,389.5,377.1,384.95,384.6,385.65,924434,35651164540000.0,29880,509608,0.5513
2018-11-12,STRTECH,EQ,384.6,387.2,387.35,375.0,377.7,376.75,377.89,417735,15785627775000.0,9651,161721,0.3871
2018-11-13,STRTECH,EQ,376.75,372.0,375.95,365.0,368.8,368.9,368.54,586382,21610379320000.0,15201,231918,0.39549999999999996
2018-11-14,STRTECH,EQ,368.9,370.9,372.4,362.55,363.0,363.85,366.68,461080,16907087485000.0,14745,177690,0.3854
2018-11-15,STRTECH,EQ,363.85,364.1,368.75,360.0,363.75,364.5,364.8,572624,20889460080000.0,22879,245161,0.42810000000000004
2018-11-16,STRTECH,EQ,364.5,366.25,366.25,352.05,356.95,356.9,359.25,864521,31057704089999.996,14243,504503,0.5836
2018-11-19,STRTECH,EQ,356.9,356.9,356.9,345.6,348.0,348.15,349.1,612516,21382671080000.0,15128,268890,0.439
2018-11-20,STRTECH,EQ,348.15,346.2,354.9,340.0,340.65,341.3,347.79,745152,25915691715000.0,15180,294166,0.3948
2018-11-21,STRTECH,EQ,341.3,341.0,351.7,338.65,350.0,349.7,345.7,821802,28409390485000.004,21711,296075,0.3603
2018-11-22,STRTECH,EQ,349.7,352.0,352.4,340.0,340.7,341.2,346.16,553965,19175820920000.0,20864,249675,0.4507
2018-11-26,STRTECH,EQ,341.2,342.6,344.4,332.0,334.85,335.15,335.78,571883,19202484555000.0,15024,222511,0.3891
2018-11-27,STRTECH,EQ,335.15,335.65,346.4,334.85,344.75,345.05,342.31,660013,22593077385000.0,12273,265568,0.40240000000000004
2018-11-28,STRTECH,EQ,345.05,345.75,351.5,338.2,342.45,343.75,346.49,891668,30895095155000.0,27977,402830,0.4518
2018-11-29,STRTECH,EQ,343.75,345.0,348.25,340.5,342.9,341.85,344.21,456120,15700321880000.002,12476,190213,0.41700000000000004
2018-11-30,STRTECH,EQ,341.85,343.4,353.0,340.3,352.9,347.7,346.53,794774,27541393825000.0,19552,405561,0.5103
2018-12-03,STRTECH,EQ,347.7,352.0,356.2,340.0,340.95,340.8,346.27,681971,23614537480000.0,12864,373202,0.5472
2018-12-04,STRTECH,EQ,340.8,340.95,342.05,335.0,335.3,335.5,338.28,469631,15886582785000.0,23703,266759,0.568
2018-12-05,STRTECH,EQ,335.5,334.7,334.7,321.1,325.4,324.3,326.25,852754,27820903780000.0,45074,527398,0.6185
2018-12-06,STRTECH,EQ,324.3,321.9,321.9,307.6,308.3,308.9,312.6,1038871,32475320810000.004,59469,584417,0.5626
2018-12-07,STRTECH,EQ,308.9,310.05,314.0,297.0,299.8,299.3,304.67,1024330,31208611500000.0,36025,582077,0.5683
2018-12-10,STRTECH,EQ,299.3,295.0,295.0,282.3,282.8,284.3,287.26,1354471,38908745400000.0,50703,827496,0.6109
2018-12-11,STRTECH,EQ,284.3,278.0,289.45,278.0,284.9,284.55,284.73,1836939,52302670395000.0,43881,951189,0.5178
2018-12-12,STRTECH,EQ,284.55,287.85,294.0,285.75,291.9,290.8,290.62,2337386,67930000345000.01,34337,1304107,0.5579
2018-12-13,STRTECH,EQ,290.8,293.9,299.0,291.25,291.85,293.2,295.8,2781653,82280072430000.0,47530,1650702,0.5934
2018-12-14,STRTECH,EQ,293.2,292.0,293.0,286.25,289.0,289.2,289.35,878338,25415032515000.0,27467,436718,0.4972
2018-12-17,STRTECH,EQ,289.2,291.75,292.85,285.15,286.7,287.1,288.22,1043943,30088031460000.004,24418,561340,0.5377000000000001
2018-12-18,STRTECH,EQ,287.1,289.7,306.9,287.2,299.95,299.35,300.67,5131264,154283602655000.0,74298,2006984,0.3911
2018-12-19,STRTECH,EQ,299.35,302.5,307.8,299.2,300.0,300.55,303.69,2804425,85166547055000.0,45786,1417732,0.5055
2018-12-20,STRTECH,EQ,300.55,302.0,302.0,296.5,296.7,297.6,298.59,1041803,31106907385000.004,13932,477082,0.4579
2018-12-21,STRTECH,EQ,297.6,298.85,298.85,285.0,287.05,286.15,289.0,1918944,55457013425000.0,29779,1115035,0.5811000000000001
2018-12-24,STRTECH,EQ,286.15,287.7,291.45,282.5,284.1,284.2,285.65,1015438,29006238055000.0,17057,489061,0.4816
2018-12-26,STRTECH,EQ,284.2,284.1,288.9,277.05,285.75,284.1,283.88,1337197,37959698320000.0,20615,467242,0.3494
2018-12-27,STRTECH,EQ,284.1,287.95,289.45,283.5,283.9,284.15,286.05,894632,25590579160000.0,24011,482096,0.5389
2018-12-28,STRTECH,EQ,284.15,288.0,293.55,285.5,289.5,289.2,290.09,1213146,35192444180000.0,18943,385005,0.3174
2018-12-31,STRTECH,EQ,289.2,291.0,296.0,290.0,293.65,293.45,293.9,1024550,30111723520000.0,14040,390513,0.3812
2019-01-01,STRTECH,EQ,293.45,296.0,300.85,295.0,296.0,295.75,297.51,1188342,35354188330000.0,18091,428245,0.3604
2019-01-02,STRTECH,EQ,295.75,295.0,299.45,292.0,294.05,293.95,295.57,1007326,29773285255000.0,18981,446794,0.4435
2019-01-03,STRTECH,EQ,293.95,294.0,296.9,289.0,290.0,291.0,292.23,880275,25724618825000.0,16475,412007,0.46799999999999997
2019-01-04,STRTECH,EQ,291.0,293.0,294.0,285.25,286.0,286.1,288.09,1044149,30080771614999.996,18576,527487,0.5052000000000001
2019-01-07,STRTECH,EQ,286.1,289.0,293.25,284.0,285.0,284.9,287.66,961861,27668847410000.004,16087,482183,0.5013000000000001
2019-01-08,STRTECH,EQ,284.9,286.5,290.75,284.45,285.75,285.2,286.65,845239,24228500110000.0,15147,423176,0.5007
2019-01-09,STRTECH,EQ,285.2,288.7,289.5,286.0,288.0,288.0,288.03,969023,27910458439999.996,20496,581690,0.6003000000000001
2019-01-10,STRTECH,EQ,288.0,288.05,294.65,287.15,290.9,290.3,291.41,1561868,45514839365000.0,18019,864018,0.5532
2019-01-11,STRTECH,EQ,290.3,291.75,294.95,291.7,293.0,292.95,293.43,1195800,35088285639999.996,31981,730318,0.6107
2019-01-14,STRTECH,EQ,292.95,293.95,294.05,288.6,289.8,289.75,289.96,492449,14279037290000.0,8219,251304,0.5103
2019-01-15,STRTECH,EQ,289.75,291.75,294.0,289.25,290.85,291.5,291.61,637694,18596100560000.0,10229,272919,0.428
2019-01-16,STRTECH,EQ,291.5,292.4,294.1,285.45,286.0,286.3,289.12,736834,21303403650000.0,19656,437771,0.5941
2019-01-17,STRTECH,EQ,286.3,288.0,292.2,283.55,288.55,289.1,287.1,1011126,29029590014999.996,24142,464543,0.4594
2019-01-18,STRTECH,EQ,289.1,290.9,298.0,288.5,292.3,291.35,293.76,1731114,50853125865000.0,31042,576244,0.3329
2019-01-21,STRTECH,EQ,291.35,292.85,297.9,291.35,297.7,297.2,295.4,1519066,44872653345000.0,19703,605395,0.3985
2019-01-22,STRTECH,EQ,297.2,297.85,301.85,294.5,295.6,295.75,298.01,1247800,37185232475000.0,19212,499445,0.40030000000000004
2019-01-23,STRTECH,EQ,295.75,296.45,300.1,289.0,292.6,292.75,294.6,978005,28811650020000.0,12698,426537,0.4361
2019-01-24,STRTECH,EQ,292.75,294.35,299.45,288.0,291.4,290.65,293.87,2901291,85259647250000.0,36928,821216,0.2831
2019-01-25,STRTECH,EQ,290.65,292.9,296.8,281.45,284.1,283.75,288.74,1279368,36940728140000.0,23534,544335,0.4255
2019-01-28,STRTECH,EQ,283.75,284.0,284.0,260.0,262.25,261.2,264.36,2366715,62565594920000.01,55937,1228951,0.5193
2019-01-29,STRTECH,EQ,261.2,261.2,263.25,239.5,252.0,250.45,251.92,1925641,48510202330000.0,40087,761939,0.3957
2019-01-30,STRTECH,EQ,250.45,253.7,259.0,248.5,252.6,252.55,253.59,1253630,31791396425000.0,22349,466063,0.3718
2019-01-31,STRTECH,EQ,252.55,253.0,255.65,244.5,245.0,246.45,249.6,1047788,26152749525000.0,20732,509850,0.4866
2019-02-01,STRTECH,EQ,246.45,247.55,247.55,206.85,225.0,223.45,224.18,6897702,154635041040000.0,103619,2838898,0.41159999999999997
2019-02-04,STRTECH,EQ,223.45,226.0,234.75,208.0,226.0,226.0,221.97,3623841,80438990405000.0,63774,871705,0.24050000000000002
2019-02-05,STRTECH,EQ,226.0,226.0,226.5,215.1,218.25,218.6,218.92,1626758,35612920125000.0,40958,517696,0.3182
2019-02-06,STRTECH,EQ,218.6,222.0,222.05,210.6,218.9,218.5,216.07,1272119,27486264555000.0,21663,482232,0.3791
2019-02-07,STRTECH,EQ,218.5,216.3,236.7,214.05,233.7,233.25,227.83,2090512,47628515510000.0,27458,643503,0.3078
2019-02-08,STRTECH,EQ,233.25,234.7,243.4,223.55,228.55,227.85,232.36,2239850,52044496120000.0,39555,814294,0.36350000000000005
2019-02-11,STRTECH,EQ,227.85,229.45,232.7,219.1,219.85,220.3,223.02,1161240,25898210325000.0,18718,496439,0.4275
2019-02-12,STRTECH,EQ,220.3,219.7,222.5,215.1,215.9,216.7,219.15,896007,19635770200000.0,17234,373605,0.41700000000000004
2019-02-13,STRTECH,EQ,216.7,216.7,221.5,212.05,214.45,214.25,216.51,1418222,30706027650000.0,25795,662642,0.4672
2019-02-14,STRTECH,EQ,214.25,214.2,221.0,212.0,221.0,219.2,215.96,1393161,30086057995000.0,31047,697454,0.5006
2019-02-15,STRTECH,EQ,219.2,220.8,223.6,213.5,213.9,214.85,217.38,1319430,28681944810000.004,18534,465430,0.3528
2019-02-18,STRTECH,EQ,214.85,210.25,223.0,210.25,219.4,218.7,217.75,1085768,23642908180000.0,17192,448028,0.41259999999999997
2019-02-19,STRTECH,EQ,218.7,220.0,234.9,219.4,233.2,232.2,229.06,1941836,44480082430000.0,35136,752201,0.3874
2019-02-20,STRTECH,EQ,232.2,233.85,239.9,233.85,237.5,238.0,237.41,1107169,26285726640000.0,21042,371104,0.33520000000000005
2019-02-21,STRTECH,EQ,238.0,238.45,248.5,236.15,245.5,246.05,243.74,1348544,32869787120000.0,28991,497339,0.3688
2019-02-22,STRTECH,EQ,246.05,245.45,249.4,242.15,244.25,245.6,246.35,971266,23927555480000.0,18120,343275,0.35340000000000005
2019-02-25,STRTECH,EQ,245.6,245.4,251.9,243.4,248.5,248.35,247.21,725243,17928988050000.0,15950,220317,0.3038
2019-02-26,STRTECH,EQ,248.35,242.95,246.0,237.1,243.15,242.5,242.55,1058591,25675784695000.0,16904,350539,0.3311
2019-02-27,STRTECH,EQ,242.5,245.0,248.7,230.35,236.05,237.5,239.43,1169913,28011644025000.0,23351,387901,0.33159999999999995
2019-02-28,STRTECH,EQ,237.5,239.4,243.65,238.0,241.5,241.6,240.69,659872,15882675500000.0,14494,194719,0.29510000000000003
2019-03-01,STRTECH,EQ,241.6,243.1,247.7,241.6,247.0,246.95,245.88,654536,16093449610000.0,12567,253611,0.3875
2019-03-05,STRTECH,EQ,246.95,249.0,269.9,248.4,268.05,268.05,260.67,2055741,53586074900000.0,42131,773658,0.3763
2019-03-06,STRTECH,EQ,268.05,270.7,277.6,257.65,260.7,260.7,266.54,1561156,41611332390000.0,20828,585872,0.3753
2019-03-07,STRTECH,EQ,260.7,261.8,270.6,256.5,268.65,266.9,265.67,1715131,45566381730000.0,32433,784955,0.45770000000000005
2019-03-08,STRTECH,EQ,266.9,268.55,275.0,266.15,269.7,268.85,271.15,1468131,39808127430000.0,22955,391286,0.2665
2019-03-11,STRTECH,EQ,268.85,270.5,276.4,269.0,271.5,271.45,272.54,772849,21063278180000.0,12920,263850,0.34140000000000004
2019-03-12,STRTECH,EQ,271.45,273.8,279.7,273.4,278.0,277.35,276.83,1107676,30664083385000.004,23713,427139,0.38560000000000005
2019-03-13,STRTECH,EQ,277.35,279.1,279.8,266.1,266.5,267.7,270.93,985440,26698930700000.0,22679,429995,0.4363
2019-03-14,STRTECH,EQ,267.7,266.5,268.3,257.0,257.5,258.2,261.8,1886366,49385581435000.0,35491,1122090,0.5948
2019-03-15,STRTECH,EQ,258.2,258.8,258.8,229.0,230.0,230.95,237.55,7414454,176133354545000.0,94735,3041354,0.41020000000000006
2019-03-18,STRTECH,EQ,230.95,230.0,234.45,215.65,219.45,218.9,220.89,6749736,149095806825000.0,104494,2117284,0.31370000000000003
2019-03-19,STRTECH,EQ,218.9,220.0,225.7,218.0,220.75,220.9,221.7,3119361,69156362625000.0,45581,1393990,0.44689999999999996
2019-03-20,STRTECH,EQ,220.9,221.95,230.8,221.0,224.6,223.95,226.81,3659001,82991024395000.0,62235,1369711,0.3743
2019-03-22,STRTECH,EQ,223.95,225.3,229.7,221.2,222.75,222.65,225.41,1571096,35413647195000.0,22031,513083,0.32659999999999995
2019-03-25,STRTECH,EQ,222.65,221.0,221.0,217.2,217.6,217.9,218.5,851852,18613353230000.0,10578,371383,0.436
2019-03-26,STRTECH,EQ,217.9,219.7,222.9,218.05,219.7,219.5,219.94,1081339,23783364860000.0,18808,527516,0.4878
2019-03-27,STRTECH,EQ,219.5,221.1,221.9,217.55,219.0,219.4,219.37,1044609,22915667430000.0,17078,505967,0.4844
2019-03-28,STRTECH,EQ,219.4,220.55,222.45,218.15,220.0,219.75,220.13,949073,20891985220000.0,20231,446154,0.47009999999999996
2019-03-29,STRTECH,EQ,219.75,221.5,221.7,217.5,218.4,218.45,219.46,956256,20986046780000.0,22849,489995,0.5124000000000001
2019-04-01,STRTECH,EQ,218.45,220.0,229.0,219.7,224.5,224.4,225.88,1921702,43406993755000.0,22136,725807,0.37770000000000004
2019-04-02,STRTECH,EQ,224.4,225.8,225.9,220.5,221.6,221.3,222.06,1096059,24339632805000.0,19450,453848,0.41409999999999997
2019-04-03,STRTECH,EQ,221.3,221.8,222.4,217.55,220.2,219.95,219.36,1466431,32167094139999.996,26578,863816,0.5891
2019-04-04,STRTECH,EQ,219.95,220.0,220.9,215.15,216.75,217.0,217.16,909294,19746498210000.0,13415,340433,0.3744
2019-04-05,STRTECH,EQ,217.0,217.9,219.45,217.0,218.7,218.4,218.09,521858,11381106870000.0,9985,220716,0.4229
2019-04-08,STRTECH,EQ,218.4,219.25,219.5,215.0,216.0,215.9,216.69,692781,15012097255000.002,18995,361362,0.5216
2019-04-09,STRTECH,EQ,215.9,215.9,215.9,188.7,207.1,207.9,202.74,10352043,209877413870000.0,132396,3492324,0.33740000000000003
2019-04-10,STRTECH,EQ,207.9,207.4,208.15,197.5,200.45,199.95,200.92,4383009,88063942620000.0,95195,1851846,0.4225
2019-04-11,STRTECH,EQ,199.95,201.2,207.25,200.3,201.5,201.2,203.37,2262981,46022962325000.0,27194,825668,0.3649
2019-04-12,STRTECH,EQ,201.2,205.0,206.2,200.3,200.8,201.15,203.06,1823108,37020760355000.0,25481,600499,0.32939999999999997
2019-04-15,STRTECH,EQ,201.15,202.6,203.4,196.1,196.8,197.0,198.13,1583708,31378153785000.004,24768,838319,0.5293
2019-04-16,STRTECH,EQ,197.0,198.35,201.0,192.9,193.7,193.4,196.19,1888110,37042813060000.0,24702,877200,0.4646
2019-04-18,STRTECH,EQ,193.4,195.2,199.45,194.0,196.4,196.85,196.78,1669537,32853919070000.0,21704,583213,0.3493
2019-04-22,STRTECH,EQ,196.85,196.75,203.95,194.2,202.2,202.25,200.76,2397450,48130719655000.0,26632,957347,0.3993
2019-04-23,STRTECH,EQ,202.25,203.0,210.0,203.0,207.5,207.35,207.34,2615505,54228794104999.99,31733,1015722,0.3883
2019-04-24,STRTECH,EQ,207.35,216.0,217.0,192.05,193.3,193.15,199.02,11562125,230109812040000.0,115001,4096473,0.3543
2019-04-25,STRTECH,EQ,193.15,194.4,197.25,190.2,191.45,191.35,193.01,3500570,67564942965000.0,36147,1072302,0.3063
2019-04-26,STRTECH,EQ,191.35,192.1,199.6,180.2,198.6,197.85,188.94,18311505,345970968300000.0,127010,7715579,0.4214
2019-04-30,STRTECH,EQ,197.85,199.0,201.7,188.0,190.0,190.9,192.6,2656218,51158604405000.0,28574,815160,0.3069
2019-05-02,STRTECH,EQ,190.9,189.7,194.0,185.55,189.75,189.75,190.99,1893164,36157647765000.0,40699,580777,0.3068
2019-05-03,STRTECH,EQ,189.75,190.75,196.0,189.6,192.05,192.0,192.26,1842316,35419707735000.0,27508,889116,0.4826
2019-05-06,STRTECH,EQ,192.0,189.9,192.85,187.15,191.35,191.8,190.75,1544011,29451870235000.004,27267,633499,0.4103
2019-05-07,STRTECH,EQ,191.8,200.0,204.4,191.65,193.5,193.1,199.24,3863014,76965109520000.0,51078,1330099,0.3443
2019-05-08,STRTECH,EQ,193.1,191.0,196.0,182.6,183.9,183.85,187.76,3116373,58514573629999.99,39595,1193645,0.383
2019-05-09,STRTECH,EQ,183.85,183.9,186.9,183.5,185.5,185.15,184.97,1071188,19814176250000.0,19152,295839,0.2762
2019-05-10,STRTECH,EQ,185.15,186.0,186.9,182.0,182.35,182.45,184.14,859488,15826300915000.0,14406,289457,0.3368
2019-05-13,STRTECH,EQ,182.45,182.35,183.95,178.0,178.9,178.75,180.62,1032010,18640230560000.0,16914,336604,0.3262
2019-05-14,STRTECH,EQ,178.75,179.0,179.5,164.2,165.0,165.7,167.75,4092646,68655921220000.01,39852,1804949,0.441
2019-05-15,STRTECH,EQ,165.7,167.2,171.6,165.25,166.35,166.0,167.9,2424668,40711383885000.0,55222,993440,0.4097
2019-05-16,STRTECH,EQ,166.0,167.25,170.25,163.5,166.95,167.05,167.48,1846345,30922969610000.004,29386,769378,0.4167
2019-05-17,STRTECH,EQ,167.05,166.8,169.6,165.55,167.15,166.75,167.41,863038,14448437890000.0,11552,315718,0.3658
2019-05-20,STRTECH,EQ,166.75,175.0,176.95,167.6,168.0,168.1,170.91,1740870,29753886255000.0,35364,906541,0.5207
2019-05-21,STRTECH,EQ,168.1,169.65,169.65,163.2,164.25,164.35,165.49,923026,15275544800000.0,15817,399431,0.43270000000000003
2019-05-22,STRTECH,EQ,164.35,165.4,165.7,159.5,161.4,161.8,162.39,1982466,32192824805000.0,27805,824073,0.4157
2019-05-23,STRTECH,EQ,161.8,163.0,165.95,146.55,148.75,148.7,153.74,5187555,79754015055000.0,93894,2121353,0.40890000000000004
2019-05-24,STRTECH,EQ,148.7,152.0,174.0,143.8,167.45,168.35,158.19,11870965,187790652620000.0,88175,3736471,0.3148
2019-05-27,STRTECH,EQ,168.35,168.1,177.6,168.0,175.0,175.8,173.92,6946074,120804779830000.0,67383,2334542,0.3361
2019-05-28,STRTECH,EQ,175.8,176.4,180.0,171.15,174.05,173.7,174.84,3574940,62504705510000.0,37119,1534726,0.4293
2019-05-29,STRTECH,EQ,173.7,173.55,178.2,170.15,174.4,174.65,174.76,2869306,50143793185000.0,31731,847451,0.2954
2019-05-30,STRTECH,EQ,174.65,174.2,179.4,172.05,176.75,177.25,176.01,2257618,39735824255000.0,25946,690519,0.3059
2019-05-31,STRTECH,EQ,177.25,177.5,181.5,170.95,174.0,173.45,175.54,3380844,59345667170000.01,35844,1296512,0.3835
2019-06-03,STRTECH,EQ,173.45,173.3,177.8,170.6,176.05,175.75,175.28,1963661,34419113664999.996,30627,786254,0.4004
2019-06-04,STRTECH,EQ,175.75,175.8,177.7,172.75,174.15,173.8,174.74,1148187,20063739040000.0,19853,428595,0.37329999999999997
2019-06-06,STRTECH,EQ,173.8,174.2,178.3,170.8,174.2,173.7,174.38,1663930,29015438155000.0,16817,664111,0.39909999999999995
2019-06-07,STRTECH,EQ,173.7,174.0,174.75,168.5,170.6,171.2,172.02,967489,16642930685000.0,13241,322398,0.3332
2019-06-10,STRTECH,EQ,171.2,172.65,175.1,169.8,175.05,173.55,172.73,984856,17011118950000.0,11530,367441,0.37310000000000004
2019-06-11,STRTECH,EQ,173.55,190.0,194.4,183.0,191.85,191.55,189.9,13308240,252721058425000.0,139184,3133725,0.23550000000000001
2019-06-12,STRTECH,EQ,191.55,192.75,197.9,191.85,195.85,195.75,195.43,4371697,85437714000000.0,49591,1171503,0.268
2019-06-13,STRTECH,EQ,195.75,195.5,195.5,184.35,185.7,186.7,187.87,2949444,55412095265000.0,34649,1069346,0.3626
2019-06-14,STRTECH,EQ,186.7,185.95,187.0,180.1,181.7,181.65,183.43,1387529,25451803360000.0,25656,456590,0.32909999999999995
2019-06-17,STRTECH,EQ,181.65,181.65,185.5,180.0,182.0,181.4,182.63,1142284,20860971945000.0,16762,316126,0.25739999999999996
2019-06-18,STRTECH,EQ,181.4,182.5,185.0,178.0,180.2,179.55,181.42,1116517,20256354375000.0,11568,413004,0.34509999999999996
2019-06-19,STRTECH,EQ,179.55,181.8,181.85,172.2,175.5,175.25,176.83,1482688,26217957485000.0,18129,567146,0.3825
2019-06-20,STRTECH,EQ,175.25,175.25,178.0,172.25,176.15,176.0,175.05,955307,16722529650000.0,19062,381570,0.3994
2019-06-21,STRTECH,EQ,176.0,176.0,177.5,173.6,173.85,174.2,175.05,779172,13639144805000.002,16417,370177,0.47509999999999997
2019-06-24,STRTECH,EQ,174.2,174.1,176.25,173.0,173.3,173.8,174.04,633648,11028112490000.0,20072,321168,0.5069
2019-06-25,STRTECH,EQ,173.8,173.15,177.7,172.05,177.15,176.95,175.6,761193,13366325540000.0,13324,324197,0.42590000000000006
2019-06-26,STRTECH,EQ,176.95,176.8,184.0,175.85,181.2,180.55,180.91,1180081,21348630565000.0,16957,416456,0.3529
2019-06-27,STRTECH,EQ,180.55,181.7,184.0,179.5,181.0,180.4,181.84,647638,11776930255000.0,9149,212457,0.32799999999999996
2019-06-28,STRTECH,EQ,180.4,181.7,181.7,175.0,175.2,175.55,176.94,694124,12281759930000.0,17064,299132,0.43090000000000006
2019-07-01,STRTECH,EQ,175.55,176.05,177.5,168.35,171.9,171.9,171.72,1755176,30139526260000.004,20417,622543,0.3547
2019-07-02,STRTECH,EQ,171.9,171.9,174.0,169.0,169.35,169.95,170.95,879520,15035169469999.998,15579,348803,0.39659999999999995
2019-07-03,STRTECH,EQ,169.95,169.9,172.9,168.25,168.7,168.8,169.86,737404,12525505480000.0,13709,289995,0.3933
2019-07-04,STRTECH,EQ,168.8,169.3,173.55,168.7,170.0,170.2,171.13,972060,16635159600000.0,12299,428275,0.44060000000000005
2019-07-05,STRTECH,EQ,170.2,171.35,179.3,168.65,172.4,172.35,173.72,2583679,44884680640000.0,32064,748925,0.2899
2019-07-08,STRTECH,EQ,172.35,171.25,171.75,160.6,162.2,162.3,164.96,1646295,27157136339999.996,23086,720996,0.438
2019-07-09,STRTECH,EQ,162.3,162.0,165.0,157.15,161.65,161.7,161.95,1035579,16770783819999.998,15638,320021,0.309
2019-07-10,STRTECH,EQ,161.7,161.7,164.0,159.05,162.55,162.4,161.6,882944,14268532430000.002,16627,358930,0.4065
2019-07-11,STRTECH,EQ,162.4,163.0,164.25,159.0,163.5,162.95,161.78,920195,14886942994999.998,17877,325477,0.35369999999999996
2019-07-12,STRTECH,EQ,162.95,164.0,167.5,162.25,164.0,163.95,164.87,1319462,21753343310000.0,19192,416815,0.3159
2019-07-15,STRTECH,EQ,163.95,164.7,165.6,161.55,162.5,163.05,163.45,696723,11388164345000.0,10483,272139,0.39060000000000006
2019-07-16,STRTECH,EQ,163.05,164.55,166.9,162.5,165.5,165.35,164.54,1282745,21106793150000.0,16313,528096,0.4117
2019-07-17,STRTECH,EQ,165.35,166.0,170.7,165.05,168.5,168.2,168.68,1330173,22437328650000.0,15637,559143,0.4204
2019-07-18,STRTECH,EQ,168.2,166.7,169.9,162.0,163.45,163.6,165.76,1310145,21717443085000.0,19576,466656,0.35619999999999996
2019-07-19,STRTECH,EQ,163.6,165.9,172.3,160.0,166.15,165.6,166.88,3567525,59534017920000.01,35618,934354,0.2619
2019-07-22,STRTECH,EQ,165.6,165.9,165.9,162.05,162.6,163.15,163.72,733721,12012837360000.0,11350,226620,0.3089
2019-07-23,STRTECH,EQ,163.15,164.4,164.4,157.35,157.45,158.45,160.71,1013387,16286379180000.002,14890,428153,0.4225
2019-07-24,STRTECH,EQ,158.45,158.85,158.85,148.5,149.25,149.6,151.67,1732925,26282734985000.0,34512,771873,0.4454
2019-07-25,STRTECH,EQ,149.6,148.0,153.75,145.2,151.0,149.5,149.78,1759542,26355225300000.0,32434,571889,0.325
2019-07-26,STRTECH,EQ,149.5,151.1,158.35,149.5,157.25,157.15,154.77,1291996,19995826355000.0,16841,515603,0.39909999999999995
2019-07-29,STRTECH,EQ,157.15,156.95,159.4,153.45,155.25,155.65,155.83,897454,13985179350000.0,11425,315819,0.3519
2019-07-30,STRTECH,EQ,155.65,156.0,157.5,151.5,152.6,152.55,154.32,855230,13198232715000.0,12367,475644,0.5562
2019-07-31,STRTECH,EQ,152.55,150.0,152.7,147.1,149.05,149.0,149.83,1143105,17127474380000.002,15931,469174,0.4104
2019-08-01,STRTECH,EQ,149.0,149.0,151.8,146.5,149.4,149.1,148.9,828009,12329187300000.0,10697,373467,0.451
2019-08-02,STRTECH,EQ,149.1,146.0,152.0,146.0,151.7,151.5,150.0,838779,12581354930000.0,13038,365197,0.4354
2019-08-05,STRTECH,EQ,151.5,149.85,151.5,147.05,150.0,150.2,149.44,733926,10967543200000.0,12246,314516,0.42850000000000005
2019-08-06,STRTECH,EQ,150.2,149.0,154.0,148.5,149.25,149.4,151.11,1090983,16486133815000.0,21901,387876,0.3555
2019-08-07,STRTECH,EQ,149.4,149.5,150.8,144.5,145.4,145.4,148.0,602768,8920807835000.0,12991,277520,0.4604
2019-08-08,STRTECH,EQ,145.4,144.5,146.35,138.75,142.0,142.25,141.57,1051020,14879268460000.0,20450,389156,0.3703
2019-08-09,STRTECH,EQ,142.25,143.15,147.5,138.3,139.5,139.75,142.6,1032056,14717505440000.0,12422,404632,0.3921
2019-08-13,STRTECH,EQ,139.75,140.0,144.75,138.5,139.5,139.5,141.69,827069,11718670695000.0,10070,284953,0.34450000000000003
2019-08-14,STRTECH,EQ,139.5,140.35,141.25,137.25,139.95,139.9,139.6,663468,9262192060000.0,8422,185823,0.2801
2019-08-16,STRTECH,EQ,139.9,139.0,143.0,138.1,141.0,141.4,141.02,666704,9401923350000.0,11867,249746,0.37460000000000004
2019-08-19,STRTECH,EQ,141.4,142.4,143.85,138.9,139.3,139.4,140.44,921527,12941687855000.0,18001,481680,0.5227
2019-08-20,STRTECH,EQ,139.4,140.0,140.45,132.5,133.8,134.2,135.35,904705,12245096670000.0,11585,406993,0.4499
2019-08-21,STRTECH,EQ,134.2,134.5,134.8,129.0,129.95,130.2,131.66,705375,9286649410000.0,10801,357744,0.5072
2019-08-22,STRTECH,EQ,130.2,129.7,129.9,104.2,104.2,104.2,112.88,4473602,50497178090000.0,37681,2111401,0.47200000000000003
2019-08-23,STRTECH,EQ,104.2,102.9,122.0,96.6,118.0,117.65,114.48,6216149,71164178170000.0,64810,1478649,0.2379
2019-08-26,STRTECH,EQ,117.65,123.7,123.7,112.5,120.8,119.6,117.66,2727098,32087118180000.0,37365,833735,0.3057
2019-08-27,STRTECH,EQ,119.6,122.0,129.25,121.1,126.65,126.7,126.88,2092671,26551141310000.0,25584,649311,0.3103
2019-08-28,STRTECH,EQ,126.7,125.95,126.7,121.15,121.75,122.4,123.48,685301,8462069459999.999,8544,264076,0.38530000000000003
2019-08-29,STRTECH,EQ,122.4,123.0,123.0,113.45,114.35,114.55,116.64,1215495,14177557105000.002,15616,516802,0.4252
2019-08-30,STRTECH,EQ,114.55,115.7,119.8,112.5,113.6,114.3,115.24,1473149,16976347480000.002,15518,512648,0.348
2019-09-03,STRTECH,EQ,114.3,113.3,113.4,109.15,110.6,110.85,111.47,519278,5788636635000.0,7215,186845,0.35979999999999995
2019-09-04,STRTECH,EQ,110.85,110.25,119.45,108.0,117.8,117.05,113.91,1391187,15847048605000.002,16557,422620,0.3038
2019-09-05,STRTECH,EQ,117.05,118.0,118.9,114.05,114.9,114.85,115.9,903515,10471347170000.0,10491,379748,0.4203
2019-09-06,STRTECH,EQ,114.85,115.5,124.65,115.2,123.15,123.2,120.83,2017515,24377522605000.0,20029,645620,0.32
2019-09-09,STRTECH,EQ,123.2,123.9,129.85,122.0,126.35,127.05,127.48,2790057,35567501565000.0,36936,955217,0.34240000000000004
2019-09-11,STRTECH,EQ,127.05,127.7,138.75,126.5,136.75,136.65,133.58,2459243,32850655305000.0,31148,645004,0.26230000000000003
2019-09-12,STRTECH,EQ,136.65,137.0,143.75,137.0,141.7,141.3,140.91,2235809,31504849870000.0,32958,724873,0.32420000000000004
2019-09-13,STRTECH,EQ,141.3,142.4,145.0,138.1,142.6,142.75,142.18,1503344,21374953150000.0,17872,350082,0.2329
2019-09-16,STRTECH,EQ,142.75,141.0,151.9,139.0,151.35,151.05,147.66,2811931,41521925370000.0,36215,602108,0.2141
2019-09-17,STRTECH,EQ,151.05,151.7,158.85,148.05,150.4,149.75,153.79,3274910,50364712355000.0,39764,1088140,0.3323
2019-09-18,STRTECH,EQ,149.75,151.4,159.5,151.4,159.5,158.15,156.33,2713556,42421318170000.0,30411,915362,0.3373
2019-09-19,STRTECH,EQ,158.15,159.45,160.4,151.1,152.7,153.15,154.88,2018036,31254509920000.0,24383,621962,0.30820000000000003
2019-09-20,STRTECH,EQ,153.15,154.9,169.7,152.25,168.55,167.95,162.14,3841703,62290637625000.0,48205,1542257,0.40149999999999997
2019-09-23,STRTECH,EQ,167.95,171.1,180.0,171.1,177.45,176.4,175.97,2796431,49208765225000.0,37700,1178829,0.4215
2019-09-24,STRTECH,EQ,176.4,177.0,177.8,167.5,168.55,169.15,172.9,1646106,28460611339999.996,21746,586024,0.35600000000000004
2019-09-25,STRTECH,EQ,169.15,168.2,168.45,154.75,155.0,156.1,159.12,2019655,32137192955000.0,24499,835008,0.41340000000000005
2019-09-26,STRTECH,EQ,156.1,158.05,162.75,151.95,161.65,161.45,159.07,2951365,46948637855000.0,37680,693828,0.23510000000000003
2019-09-27,STRTECH,EQ,161.45,160.4,164.6,158.55,162.55,161.65,162.04,1175539,19048260070000.0,20778,348963,0.2969
2019-09-30,STRTECH,EQ,161.65,163.05,163.4,155.85,157.2,157.4,158.38,773792,12255142135000.0,11210,250532,0.32380000000000003
2019-10-01,STRTECH,EQ,157.4,158.4,158.7,144.5,151.3,151.4,152.64,1051012,16042996975000.0,13718,341012,0.3245
2019-10-03,STRTECH,EQ,151.4,149.5,154.6,145.85,149.35,149.3,149.78,738298,11058296475000.0,12895,184335,0.2497
2019-10-04,STRTECH,EQ,149.3,149.55,152.0,144.4,146.25,145.95,147.71,650069,9601912830000.0,13417,210937,0.3245
2019-10-07,STRTECH,EQ,145.95,147.0,147.55,140.6,141.75,141.35,142.98,551619,7887079820000.0,8067,174382,0.3161
2019-10-09,STRTECH,EQ,141.35,141.7,144.35,136.15,142.25,142.5,140.94,955555,13467600630000.002,13183,231487,0.24230000000000002
2019-10-10,STRTECH,EQ,142.5,142.2,146.9,141.5,143.8,144.15,144.18,775872,11186378285000.0,12609,172816,0.2227
2019-10-11,STRTECH,EQ,144.15,145.2,146.8,141.7,142.2,142.7,144.22,561060,8091355934999.999,6485,162345,0.28940000000000005
2019-10-14,STRTECH,EQ,142.7,143.45,143.8,137.0,138.8,137.9,140.65,1150679,16184671160000.0,9102,804192,0.6989
2019-10-15,STRTECH,EQ,137.9,139.0,139.0,133.0,135.2,135.3,135.61,792405,10745435055000.0,15352,289520,0.3654
2019-10-16,STRTECH,EQ,135.3,136.3,147.0,135.05,137.35,137.15,140.85,2303375,32442254005000.0,43062,666322,0.2893
2019-10-17,STRTECH,EQ,137.15,137.8,143.7,137.25,140.8,141.35,140.06,1446575,20261412515000.0,23656,456847,0.31579999999999997
2019-10-18,STRTECH,EQ,141.35,141.8,148.9,140.7,148.05,147.15,145.13,1409262,20452963595000.0,19444,583243,0.4139
2019-10-22,STRTECH,EQ,147.15,148.0,160.95,148.0,157.45,156.55,156.01,2529900,39469027350000.0,34317,606282,0.2396
2019-10-23,STRTECH,EQ,156.55,157.35,159.5,145.0,147.0,147.35,152.07,2537212,38584536695000.0,27856,1263480,0.498
2019-10-24,STRTECH,EQ,147.35,148.25,149.25,143.05,146.25,145.35,146.21,996325,14566891300000.0,12412,358661,0.36
2019-10-25,STRTECH,EQ,145.35,142.65,142.65,118.65,125.35,124.85,127.01,6837136,86837378045000.0,78410,2518789,0.36840000000000006
2019-10-27,STRTECH,EQ,124.85,127.0,130.8,127.0,129.0,128.75,129.27,575037,7433226290000.001,8268,278702,0.4847
2019-10-29,STRTECH,EQ,128.75,130.6,133.4,128.5,131.2,131.65,131.5,1693394,22267285445000.0,18807,557274,0.32909999999999995
2019-10-30,STRTECH,EQ,131.65,132.3,136.35,131.8,132.4,132.9,133.7,1382491,18483555120000.0,22007,518430,0.375
2019-10-31,STRTECH,EQ,132.9,133.5,134.3,130.0,130.6,130.85,132.25,958667,12677934900000.0,11823,428977,0.4475
2019-11-01,STRTECH,EQ,130.85,130.0,134.6,129.4,132.75,132.7,132.21,1013157,13395180535000.0,12073,314674,0.3106
2019-11-04,STRTECH,EQ,132.7,133.55,136.35,133.0,134.5,134.2,134.56,1075517,14472194590000.0,10088,382244,0.3554
2019-11-05,STRTECH,EQ,134.2,134.5,135.0,131.0,132.1,131.8,132.76,699463,9286101660000.0,7659,282751,0.4042
2019-11-06,STRTECH,EQ,131.8,131.95,133.2,130.25,130.85,131.2,131.8,656896,8657829250000.0,7126,296651,0.4516
2019-11-07,STRTECH,EQ,131.2,131.5,131.95,128.05,128.6,129.25,129.85,705123,9156319640000.0,7999,302326,0.4288
2019-11-08,STRTECH,EQ,129.25,128.9,142.5,128.25,136.5,136.85,136.83,4048970,55402844360000.0,32941,1129108,0.27890000000000004
2019-11-11,STRTECH,EQ,136.85,136.1,137.8,132.9,133.9,133.8,134.79,1297694,17491553465000.0,13120,503081,0.38770000000000004
2019-11-13,STRTECH,EQ,133.8,134.5,134.65,130.1,130.75,130.8,132.02,763134,10075210455000.0,8346,314932,0.41270000000000007
2019-11-14,STRTECH,EQ,130.8,130.3,130.7,122.75,123.75,123.95,125.01,1724943,21563190880000.0,23020,833493,0.4832
2019-11-15,STRTECH,EQ,123.95,124.1,128.5,123.55,123.85,124.45,126.2,1459171,18414012725000.0,18637,618348,0.4238
2019-11-18,STRTECH,EQ,124.45,124.95,125.4,122.1,122.95,122.75,123.75,755723,9352051565000.0,8690,332071,0.4394
2019-11-19,STRTECH,EQ,122.75,122.85,126.5,122.0,122.95,122.95,123.99,1056369,13097425195000.0,10820,381441,0.3611
2019-11-20,STRTECH,EQ,122.95,123.45,125.4,122.4,123.0,123.35,123.77,775860,9602448380000.0,7392,264485,0.34090000000000004
2019-11-21,STRTECH,EQ,123.35,123.45,124.25,120.0,120.55,120.3,121.76,877610,10685541350000.0,12748,470449,0.5361
2019-11-22,STRTECH,EQ,120.3,120.6,125.4,120.35,124.35,124.45,123.53,1550029,19146749085000.0,17052,498336,0.3215
2019-11-25,STRTECH,EQ,124.45,124.95,124.95,122.2,123.25,123.05,123.08,699035,8603992784999.999,8908,300200,0.4294
2019-11-26,STRTECH,EQ,123.05,124.0,125.2,122.25,123.7,123.75,124.28,1161458,14435090735000.0,14255,477451,0.4111
2019-11-27,STRTECH,EQ,123.75,123.6,124.4,122.25,122.4,122.6,122.85,585699,7195094355000.0,6979,226275,0.38630000000000003
2019-11-28,STRTECH,EQ,122.6,122.7,125.7,122.15,122.95,123.2,123.65,871893,10780657475000.0,10753,270152,0.3098
2019-11-29,STRTECH,EQ,123.2,123.2,128.5,122.5,124.05,124.0,125.22,2154793,26982039200000.0,20267,609576,0.2829
2019-12-02,STRTECH,EQ,124.0,125.65,129.5,124.05,124.75,125.2,126.37,2776794,35089693100000.0,24807,754769,0.2718
2019-12-03,STRTECH,EQ,125.2,125.4,125.5,121.5,122.25,122.25,122.94,762365,9372508985000.0,7738,287928,0.37770000000000004
2019-12-04,STRTECH,EQ,122.25,121.5,123.25,120.6,122.5,122.25,121.91,592816,7226847305000.0,7338,193629,0.32659999999999995
2019-12-05,STRTECH,EQ,122.25,122.95,125.1,122.15,122.45,122.8,123.52,821741,10149762850000.0,9040,264923,0.3224
2019-12-06,STRTECH,EQ,122.8,123.7,125.65,121.5,122.85,122.75,123.48,936151,11559853415000.0,10597,417199,0.4457
2019-12-09,STRTECH,EQ,122.75,123.4,123.4,117.7,118.8,118.85,119.48,1142944,13656455210000.0,16571,537899,0.4706
2019-12-10,STRTECH,EQ,118.85,119.0,119.35,115.0,115.5,115.8,116.54,823341,9595047060000.0,25894,458837,0.5573
2019-12-11,STRTECH,EQ,115.8,116.1,116.4,102.5,107.3,107.25,107.24,4065007,43594826415000.0,71235,1332649,0.32780000000000004
2019-12-12,STRTECH,EQ,107.25,107.0,119.9,107.0,119.1,117.45,116.2,5887089,68406417165000.0,50143,1106381,0.18789999999999998
2019-12-13,STRTECH,EQ,117.45,119.9,122.8,118.05,121.25,121.15,120.69,2112843,25499468650000.0,21189,424718,0.201
2019-12-16,STRTECH,EQ,121.15,121.15,121.8,114.25,114.5,114.9,115.8,2211441,25608670460000.0,17947,1004512,0.45420000000000005
2019-12-17,STRTECH,EQ,114.9,114.9,117.2,112.55,113.6,113.75,114.55,1337610,15322812325000.0,19860,509117,0.38060000000000005
2019-12-18,STRTECH,EQ,113.75,113.7,115.6,111.35,111.95,111.95,113.04,1327027,15001085069999.998,16764,587284,0.4426
2019-12-19,STRTECH,EQ,111.95,111.95,115.4,110.05,112.75,112.95,113.31,2528104,28646738114999.996,18696,819534,0.32420000000000004
2019-12-20,STRTECH,EQ,112.95,113.4,114.0,112.0,112.35,112.75,112.94,1067281,12054233875000.0,12664,419014,0.3926
2019-12-23,STRTECH,EQ,112.75,113.0,114.3,110.65,111.6,111.6,112.17,894635,10035158860000.0,9530,362035,0.4047
2019-12-24,STRTECH,EQ,111.6,111.95,114.2,111.2,111.9,112.05,112.64,826119,9305577905000.0,9342,271743,0.3289
2019-12-26,STRTECH,EQ,112.05,112.1,113.95,111.6,112.7,112.6,112.68,766337,8635377790000.001,8525,302505,0.3947
2019-12-27,STRTECH,EQ,112.6,113.0,116.5,112.6,114.0,114.0,114.34,1299623,14860104744999.998,10788,435414,0.335
2019-12-30,STRTECH,EQ,114.0,114.75,115.95,113.35,114.35,114.4,114.58,823161,9431532085000.0,9628,305441,0.3711
2019-12-31,STRTECH,EQ,114.4,115.6,121.4,115.6,118.2,118.55,119.11,4182824,49820997245000.0,36770,909611,0.2175
2020-01-01,STRTECH,EQ,118.55,118.15,119.45,117.55,118.0,118.25,118.36,729366,8633078425000.0,7826,215903,0.29600000000000004
